Release_Type,Movie_Name,Release_ID,Movie_ID
Original Release,Avengers: Endgame,gr3511898629,tt4154796
Original Release,Avatar,gr3486798341,tt0499549
2010 Special Edition,Avatar,gr3436466693,tt0499549
2011 Re-release,Avatar,gr3453243909,tt0499549
Original Release,Titanic,gr4195045893,tt0120338
2012 3D Release,Titanic,gr4211823109,tt0120338
2017 Re-release,Titanic,gr4161491461,tt0120338
Original Release,Star Wars: Episode VII - The Force Awakens,gr3305984517,tt2488496
Original Release,Avengers: Infinity War,gr3915469317,tt4154756
Original Release,Jurassic World,gr2960871941,tt0369610
Original Release,The Lion King,gr403788293,tt6105098
Original Release,The Avengers,gr1911837189,tt0848228
Original Release,Furious 7,gr2321306117,tt2820852
Original Release,Frozen II,gr1030181381,tt4520988
Original Release,Avengers: Age of Ultron,gr1743933957,tt2395427
Original Release,Black Panther,gr3458290181,tt1825683
Original Release,Harry Potter and the Deathly Hallows: Part 2,gr2033603077,tt1201607
Harry  Potter IMAX Marathon,Harry Potter and the Deathly Hallows: Part 2,gr2381926917,tt1201607
2016 Re-release,Harry Potter and the Deathly Hallows: Part 2,gr2117489157,tt1201607
2018 Re-release,Harry Potter and the Deathly Hallows: Part 2,gr2134266373,tt1201607
Original Release,Star Wars: Episode VIII - The Last Jedi,gr3764736517,tt2527336
Original Release,Jurassic World: Fallen Kingdom,gr3108917765,tt4881806
Original Release,Frozen,gr1177113093,tt2294629
Original Release,Beauty and the Beast,gr1429688837,tt2771200
Original Release,Incredibles 2,gr2507690501,tt3606756
Original Release,The Fate of the Furious,gr38949381,tt4630562
Original Release,Iron Man 3,gr3316142597,tt1300854
Original Release,Minions,gr838095365,tt2293640
Original Release,Captain America: Civil War,gr2136297989,tt3498820
Original Release,Aquaman,gr1903186437,tt1477834
Original Release,The Lord of the Rings: The Return of the King,gr1274302981,tt0167260
2005 Re-release,The Lord of the Rings: The Return of the King,gr1223971333,tt0167260
2011 Re-release,The Lord of the Rings: The Return of the King,gr1240748549,tt0167260
2017 Re-release,The Lord of the Rings: The Return of the King,gr1324634629,tt0167260
Original Release,Spider-Man: Far from Home,gr1825526277,tt6320628
Original Release,Captain Marvel,gr3085718021,tt4154664
Original Release,Transformers: Dark of the Moon,gr6312453,tt1399103
Original Release,Skyfall,gr2379174405,tt1074638
Original Release,Transformers: Age of Extinction,gr41374213,tt2109248
Original Release,The Dark Knight Rises,gr808210949,tt1345836
Original Release,Joker,gr4123480581,tt7286456
Original Release,Star Wars: The Rise Of Skywalker,gr2303480325,tt2527338
Original Release,Toy Story 4,gr2366394885,tt1979376
Original Release,Toy Story 3,gr87839237,tt0435761
Original Release,Pirates of the Caribbean: Dead Man's Chest,gr2621919749,tt0383574
Original Release,Rogue One: A Star Wars Story,gr384520709,tt3748528
Original Release,Aladdin,gr2669236741,tt6139732
Original Release,Pirates of the Caribbean: On Stranger Tides,gr2121159173,tt1298650
Original Release,Despicable Me 3,gr1982484997,tt3469046
Original Release,Jurassic Park,gr1932939781,tt0107290
2011 Re-release,Jurassic Park,gr1882608133,tt0107290
2013 Re-release,Jurassic Park,gr1899385349,tt0107290
2018 Re-release,Jurassic Park,gr1983271429,tt0107290
Original Release,Finding Dory,gr1869238789,tt2277860
Original Release,Star Wars: Episode I - The Phantom Menace,gr2130858501,tt0120915
2012 3D Release,Star Wars: Episode I - The Phantom Menace,gr2080526853,tt0120915
Star Wars: May the 4th Marathon,Star Wars: Episode I - The Phantom Menace,gr1174295045,tt0120915
Original Release,Alice in Wonderland,gr1992577541,tt1014759
Original Release,Zootopia,gr1680691717,tt2948356
Original Release,The Hobbit: An Unexpected Journey,gr769020421,tt0903624
Original Release,The Dark Knight,gr1144476165,tt0468569
2012 Re-release,The Dark Knight,gr1161253381,tt0468569
2018 Re-release,The Dark Knight,gr1513574917,tt0468569
Original Release,Harry Potter and the Sorcerer's Stone,gr2296795653,tt0241527
2004 Re-release,Harry Potter and the Sorcerer's Stone,gr2313572869,tt0241527
Harry  Potter IMAX Marathon,Harry Potter and the Sorcerer's Stone,gr2381926917,tt0241527
2016 Re-release,Harry Potter and the Sorcerer's Stone,gr2397458949,tt0241527
2016 Re-release,Harry Potter and the Sorcerer's Stone,gr2414236165,tt0241527
2018 Re-release,Harry Potter and the Sorcerer's Stone,gr2363904517,tt0241527
Original Release,Harry Potter and the Deathly Hallows: Part 1,gr1728664069,tt0926084
Harry  Potter IMAX Marathon,Harry Potter and the Deathly Hallows: Part 1,gr2381926917,tt0926084
2016 Re-release,Harry Potter and the Deathly Hallows: Part 1,gr1678332421,tt0926084
2018 Re-release,Harry Potter and the Deathly Hallows: Part 1,gr1695109637,tt0926084
Original Release,Despicable Me 2,gr3123335685,tt1690953
Original Release,The Lion King,gr1310020101,tt0110357
2002 IMAX Release,The Lion King,gr1326797317,tt0110357
2011 3D Release,The Lion King,gr1276465669,tt0110357
2016 Re-release,The Lion King,gr1293242885,tt0110357
2018 Re-release,The Lion King,gr1108693509,tt0110357
Original Release,The Jungle Book,gr1103385093,tt3040964
Original Release,Jumanji: Welcome to the Jungle,gr2130465285,tt2283362
2018 NCM Fathom Event,Jumanji: Welcome to the Jungle,gr134173189,tt2283362
Original Release,Pirates of the Caribbean: At World's End,gr1460621829,tt0449088
Original Release,The Hobbit: The Desolation of Smaug,gr1101746693,tt1170358
Original Release,The Hobbit: The Battle of the Five Armies,gr147673605,tt2310332
Original Release,The Lord of the Rings: The Two Towers,gr608064005,tt0167261
2003 Re-release,The Lord of the Rings: The Two Towers,gr624841221,tt0167261
2011 Re-release,The Lord of the Rings: The Two Towers,gr977162757,tt0167261
2017 Re-release,The Lord of the Rings: The Two Towers,gr993939973,tt0167261
Original Release,Harry Potter and the Order of the Phoenix,gr1575965189,tt0373889
Harry  Potter IMAX Marathon,Harry Potter and the Order of the Phoenix,gr2381926917,tt0373889
2016 Re-release,Harry Potter and the Order of the Phoenix,gr1391415813,tt0373889
2018 Re-release,Harry Potter and the Order of the Phoenix,gr1408193029,tt0373889
Original Release,Finding Nemo,gr1846039045,tt0266543
2012 3D Release,Finding Nemo,gr1862816261,tt0266543
Original Release,Harry Potter and the Half-Blood Prince,gr1638420997,tt0417741
Harry  Potter IMAX Marathon,Harry Potter and the Half-Blood Prince,gr2381926917,tt0417741
2016 Re-release,Harry Potter and the Half-Blood Prince,gr1722307077,tt0417741
2018 Re-release,Harry Potter and the Half-Blood Prince,gr1739084293,tt0417741
Original Release,Shrek 2,gr2524271109,tt0298148
Original Release,Bohemian Rhapsody,gr4107555333,tt1727824
Original Release,Harry Potter and the Goblet of Fire,gr1188188677,tt0330373
Harry  Potter IMAX Marathon,Harry Potter and the Goblet of Fire,gr2381926917,tt0330373
2016 Re-release,Harry Potter and the Goblet of Fire,gr1204965893,tt0330373
2018 Re-release,Harry Potter and the Goblet of Fire,gr1154634245,tt0330373
Original Release,Spider-Man 3,gr4067512837,tt0413300
Original Release,The Lord of the Rings: The Fellowship of the Ring,gr892686853,tt0120737
2003 Extended Edition,The Lord of the Rings: The Fellowship of the Ring,gr171266565,tt0120737
2011 Re-release,The Lord of the Rings: The Fellowship of the Ring,gr137712133,tt0120737
2017 Re-release,The Lord of the Rings: The Fellowship of the Ring,gr154489349,tt0120737
Original Release,Ice Age: Dawn of the Dinosaurs,gr3339866629,tt1080016
Original Release,Spectre,gr16273925,tt2379713
Original Release,Spider-Man: Homecoming,gr65032709,tt2250912
Original Release,Harry Potter and the Chamber of Secrets,gr433738245,tt0295297
Harry  Potter IMAX Marathon,Harry Potter and the Chamber of Secrets,gr2381926917,tt0295297
2016 Re-release,Harry Potter and the Chamber of Secrets,gr517624325,tt0295297
2018 Re-release,Harry Potter and the Chamber of Secrets,gr534401541,tt0295297
Original Release,Ice Age: Continental Drift,gr1428443653,tt1667889
Original Release,The Secret Life of Pets,gr4228141573,tt2709768
Original Release,Batman v Superman: Dawn of Justice,gr4182135301,tt2975590
Original Release,Wolf Warrior 2,gr3036500485,tt7131870
Original Release,Star Wars: Episode III - Revenge of the Sith,gr136008197,tt0121766
Star Wars: May the 4th Marathon,Star Wars: Episode III - Revenge of the Sith,gr1174295045,tt0121766
Original Release,The Hunger Games: Catching Fire,gr150950405,tt1951264
Original Release,Guardians of the Galaxy Vol. 2,gr388583941,tt3896198
Original Release,Inside Out,gr1952338437,tt2096673
Original Release,Venom,gr3586740741,tt1270797
Original Release,Thor: Ragnarok,gr197939717,tt3501632
Original Release,Transformers: Revenge of the Fallen,gr3638907397,tt1055369
Original Release,Inception,gr1400852997,tt1375666
2013 Re-release,Inception,gr1350521349,tt1375666
2017 Re-release,Inception,gr1367298565,tt1375666
Original Release,The Twilight Saga: Breaking Dawn - Part 2,gr267080197,tt1673434
Original Release,Spider-Man,gr695423493,tt0145487
Original Release,Spider-Man,gr2216710661,tt0145487
Original Release,Wonder Woman,gr1207325189,tt0451279
Original Release,Independence Day,gr3060158981,tt0116629
Original Release,Fantastic Beasts and Where to Find Them,gr3670495749,tt3183660
Original Release,Shrek the Third,gr3119469061,tt0413267
Original Release,Coco,gr2402243077,tt2380307
Original Release,Jumanji: The Next Level,gr2719109637,tt7975244
Original Release,Harry Potter and the Prisoner of Azkaban,gr694505989,tt0304141
Harry  Potter IMAX Marathon,Harry Potter and the Prisoner of Azkaban,gr2381926917,tt0304141
2016 Re-release,Harry Potter and the Prisoner of Azkaban,gr778392069,tt0304141
2018 Re-release,Harry Potter and the Prisoner of Azkaban,gr795169285,tt0304141
Original Release,Pirates of the Caribbean: Dead Men Tell No Tales,gr1009078789,tt1790809
Original Release,E.T. the Extra-Terrestrial,gr2980663813,tt0083866
1985 Re-release,E.T. the Extra-Terrestrial,gr3064549893,tt0083866
20th Anniversary,E.T. the Extra-Terrestrial,gr3081327109,tt0083866
Original Release,2012,gr1717588485,tt1190080
2012 Re-release,2012,gr1734365701,tt1190080
Original Release,Mission: Impossible - Fallout,gr248533509,tt4912910
Original Release,Indiana Jones and the Kingdom of the Crystal Skull,gr4259205637,tt0367882
Original Release,Spider-Man 2,gr2282115589,tt0316654
Original Release,Fast & Furious 6,gr1758810629,tt1905041
Original Release,Deadpool 2,gr262820357,tt5463162
Once Upon a Deadpool,Deadpool 2,gr212488709,tt5463162
Original Release,Deadpool,gr2532200965,tt1431045
Original Release,Star Wars: Episode IV - A New Hope,gr22499845,tt0076759
1982 Re-release,Star Wars: Episode IV - A New Hope,gr106385925,tt0076759
1997 Special Edition,Star Wars: Episode IV - A New Hope,gr123163141,tt0076759
Star Wars: May the 4th Marathon,Star Wars: Episode IV - A New Hope,gr3363262981,tt0076759
Original Release,Guardians of the Galaxy,gr2312655365,tt2015381
Original Release,The Da Vinci Code,gr1191531013,tt0382625
Original Release,Fast & Furious Presents: Hobbs & Shaw,gr423973381,tt6806448
Original Release,Maleficent,gr4064301573,tt1587310
Original Release,The Amazing Spider-Man,gr909332997,tt0948470
Original Release,The Hunger Games: Mockingjay - Part 1,gr3034403333,tt1951265
Original Release,Shrek Forever After,gr2889241093,tt0892791
Original Release,Madagascar 3: Europe's Most Wanted,gr3732754949,tt1277953
Original Release,Suicide Squad,gr457593349,tt1386697
Original Release,X-Men: Days of Future Past,gr2674807301,tt1877832
Original Release,"The Chronicles of Narnia: The Lion, the Witch and the Wardrobe",gr3981726213,tt0363771
Original Release,Monsters University,gr620057093,tt1453405
Original Release,The Matrix Reloaded,gr2949468677,tt0234215
2003 IMAX Release,The Matrix Reloaded,gr2899137029,tt0234215
2019 Re-release,The Matrix Reloaded,gr2915914245,tt0234215
Original Release,Up,gr1190679045,tt1049413
Original Release,Ne Zha,gr3953807877,tt10627720
English Dub Re-release,Ne Zha,gr1101812229,tt10627720
Original Release,Gravity,gr1355043333,tt1454468
Original Release,Captain America: The Winter Soldier,gr952979973,tt1843866
Original Release,The Twilight Saga: Breaking Dawn - Part 1,gr205607429,tt1324999
Original Release,The Twilight Saga: New Moon,gr255414789,tt1259571
Original Release,The Twilight Saga: New Moon,gr1107841541,tt1259571
Original Release,Dawn of the Planet of the Apes,gr1446466053,tt2103281
Original Release,Transformers,gr1764905477,tt0418279
Original Release,The Amazing Spider-Man 2,gr1230590469,tt1872181
Original Release,It,gr1547719173,tt1396484
2019 Re-release,It,gr1564496389,tt1396484
Original Release,The Wandering Earth,gr2718781957,tt7605074
Original Release,The Twilight Saga: Eclipse,gr719868421,tt1325004
Original Release,Mission: Impossible - Ghost Protocol,gr2708492805,tt1229238
Original Release,The Hunger Games,gr947606021,tt1392170
Original Release,Moana,gr1742623237,tt3521164
2017 Re-release,Moana,gr1692291589,tt3521164
Original Release,Mission: Impossible - Rogue Nation,gr3740488197,tt2381249
Original Release,Forrest Gump,gr2428654085,tt0109830
1997 Re-release,Forrest Gump,gr2445431301,tt0109830
2014 IMAX Release,Forrest Gump,gr2529317381,tt0109830
2019 Re-release,Forrest Gump,gr2546094597,tt0109830
Original Release,Doctor Strange,gr2284737029,tt1211837
Original Release,Interstellar,gr459297285,tt0816692
2017 Re-release,Interstellar,gr408965637,tt0816692
Original Release,The Sixth Sense,gr3454226949,tt0167404
Original Release,Man of Steel,gr3156955653,tt0770828
Original Release,Ice Age: The Meltdown,gr2833142277,tt0438097
2014 Re-release,Ice Age: The Meltdown,gr2849919493,tt0438097
Original Release,Kung Fu Panda 2,gr796611077,tt1302011
Original Release,The Hunger Games: Mockingjay - Part 2,gr2410172933,tt1951266
Original Release,Justice League,gr2733527557,tt0974015
Original Release,Big Hero 6,gr3218493957,tt2245084
Original Release,Fantastic Beasts: The Crimes of Grindelwald,gr3275837957,tt4123430
Original Release,Pirates of the Caribbean: The Curse of the Black Pearl,gr2457162245,tt0325980
Original Release,Star Wars: Episode II - Attack of the Clones,gr4056830469,tt0121765
2002 IMAX Release,Star Wars: Episode II - Attack of the Clones,gr4140716549,tt0121765
Star Wars: May the 4th Marathon,Star Wars: Episode II - Attack of the Clones,gr1174295045,tt0121765
Original Release,Thor: The Dark World,gr1745965573,tt1981115
Original Release,Sing,gr3642970629,tt3470600
Original Release,"Monsters, Inc.",gr589582853,tt0198781
2012 3D Release,"Monsters, Inc.",gr539251205,tt0198781
Undated United Kingdom Release,"Monsters, Inc.",gr556028421,tt0198781
Original Release,Kung Fu Panda,gr4251996677,tt0441773
2015 Re-release,Kung Fu Panda,gr4067447301,tt0441773
Original Release,The Incredibles,gr3888796165,tt0317705
2015 Re-release,The Incredibles,gr3838464517,tt0317705
Original Release,The Martian,gr1145983493,tt3659388
Original Release,Hancock,gr3807793669,tt0448157
Original Release,Fast Five,gr1785876997,tt1596343
Original Release,Men in Black 3,gr2369081861,tt1409024
Original Release,Iron Man 2,gr1212436997,tt1228705
Original Release,Ratatouille,gr2754826757,tt0382932
Original Release,Ant-Man and the Wasp,gr869618181,tt5095030
Original Release,How to Train Your Dragon 2,gr2014401029,tt1646971
Original Release,Logan,gr4057092613,tt3315342
Original Release,The Lost World: Jurassic Park,gr3243201029,tt0119567
Original Release,Casino Royale,gr4025700869,tt0381061
2019 Re-release,Casino Royale,gr3975369221,tt0381061
Original Release,The Passion of the Christ,gr2935247365,tt0335345
Recut Release,The Passion of the Christ,gr2952024581,tt0335345
Original Release,Mamma Mia!,gr3714404869,tt0795421
2018 Re-release,Mamma Mia!,gr3529855493,tt0795421
Original Release,Life of Pi,gr3542831621,tt0454876
Original Release,Transformers: The Last Knight,gr438653445,tt3371366
Original Release,Madagascar: Escape 2 Africa,gr483480069,tt0479952
Original Release,War of the Worlds,gr862212613,tt0407304
Original Release,Tangled,gr3905638917,tt0398286
Original Release,Quantum of Solace,gr2347520517,tt0830515
Original Release,Men in Black,gr3991294469,tt0119654
Original Release,The Croods,gr1577669125,tt0481499
Original Release,The Hangover Part II,gr4266807813,tt1411697
Original Release,I Am Legend,gr3741340165,tt0480249
Original Release,Iron Man,gr2956087813,tt0371746
Original Release,Ready Player One,gr1211716101,tt1677720
Original Release,Operation Red Sea,gr2180010501,tt6878882
Original Release,Night at the Museum,gr1274434053,tt0477347
Original Release,Fifty Shades of Grey,gr4024783365,tt2322441
Original Release,Kong: Skull Island,gr3991622149,tt3731562
Original Release,The Smurfs,gr2738246149,tt0472181
Original Release,King Kong,gr1397117445,tt0360717
Original Release,Cars 2,gr2919256581,tt1216475
Original Release,Puss in Boots,gr902189573,tt0448694
Original Release,The Mermaid,gr719016453,tt4701660
Original Release,Armageddon,gr1953976837,tt0120591
Original Release,The Day After Tomorrow,gr526471685,tt0319262
Original Release,Ted,gr1762677253,tt1637725
Original Release,Star Wars: Episode V - The Empire Strikes Back,gr2361938437,tt0080684
1982 Re-release,Star Wars: Episode V - The Empire Strikes Back,gr2378715653,tt0080684
1997 Special Edition,Star Wars: Episode V - The Empire Strikes Back,gr2194166277,tt0080684
Star Wars: May the 4th Marathon,Star Wars: Episode V - The Empire Strikes Back,gr3363262981,tt0080684
2015 Re-release,Star Wars: Episode V - The Empire Strikes Back,gr2210943493,tt0080684
Original Release,American Sniper,gr1412583941,tt2179136
Original Release,Mission: Impossible II,gr891703813,tt0120755
Original Release,Detective Chinatown 2,gr3093189125,tt7752454
Original Release,X-Men: Apocalypse,gr2590724613,tt3385516
Original Release,Sherlock Holmes: A Game of Shadows,gr1228100101,tt1515091
Original Release,Despicable Me,gr400445957,tt1323594
Original Release,Cinderella,gr3664990725,tt1661199
Original Release,Madagascar,gr1565741573,tt0351283
Original Release,World War Z,gr54481413,tt0816711
Original Release,Brave,gr4064825861,tt1217209
Original Release,The Simpsons Movie,gr218583557,tt0462538
Original Release,The Revenant,gr1464685061,tt1663202
Original Release,The Meg,gr214127109,tt4779682
Original Release,Ralph Breaks the Internet,gr4200485381,tt5848272
Original Release,Hotel Transylvania 3: Summer Vacation,gr4181873157,tt5220122
Original Release,The Boss Baby,gr2517979653,tt3874544
Original Release,Dunkirk,gr3929100805,tt5013056
2017 Re-release,Dunkirk,gr3945878021,tt5013056
Original Release,Godzilla,gr1899778565,tt0831387
Original Release,Sherlock Holmes,gr3424276997,tt0988045
Original Release,Meet the Fockers,gr207442437,tt0290002
Original Release,How to Train Your Dragon: The Hidden World,gr2553172485,tt2386490
Original Release,WALL·E,gr2825146885,tt0910970
Original Release,Kung Fu Panda 3,gr4045558277,tt2267968
Original Release,Terminator 2: Judgment Day,gr492392965,tt0103064
2003 Re-release,Terminator 2: Judgment Day,gr307843589,tt0103064
2017 Re-release,Terminator 2: Judgment Day,gr324620805,tt0103064
Original Release,Ant-Man,gr821711365,tt0478970
Original Release,The Grinch,gr1661227525,tt2709692
Original Release,Ghost,gr503927301,tt0099653
Original Release,Ghost,gr2208518661,tt0099653
1993 Re-release,Ghost,gr520704517,tt0099653
Original Release,Aladdin,gr3570487813,tt0103639
Original Release,Rio 2,gr1071665669,tt2357291
Original Release,Troy,gr771314181,tt0332452
Original Release,Toy Story 2,gr4031336965,tt0120363
2009 Re-release,Toy Story 2,gr4048114181,tt0120363
Original Release,How to Train Your Dragon,gr1106989573,tt0892769
Original Release,Twister,gr3345961477,tt0117998
Original Release,Oz the Great and Powerful,gr2383237637,tt1623205
Original Release,Clash of the Titans,gr1260540421,tt0800320
Original Release,Maleficent: Mistress of Evil,gr2536985093,tt4777008
Original Release,War for the Planet of the Apes,gr2539147781,tt3450958
Original Release,Mr. & Mrs. Smith,gr979653125,tt0356910
Original Release,Shrek,gr3227800069,tt0126029
Original Release,Angels & Demons,gr1213092357,tt0808151
Original Release,Teenage Mutant Ninja Turtles,gr656364037,tt1291150
Original Release,Bruce Almighty,gr2967425541,tt0315327
Original Release,Rio,gr2251969029,tt1436562
Original Release,Saving Private Ryan,gr1632588293,tt0120815
2019 Re-release,Saving Private Ryan,gr1716474373,tt0120815
Original Release,Rise of the Planet of the Apes,gr2334347781,tt1318514
Original Release,Home Alone,gr2254131717,tt0099785
Original Release,Home Alone,gr2192396805,tt0099785
Original Release,Star Wars: Episode VI - Return of the Jedi,gr638341637,tt0086190
1985 Re-release,Star Wars: Episode VI - Return of the Jedi,gr655118853,tt0086190
1997 Special Edition,Star Wars: Episode VI - Return of the Jedi,gr604787205,tt0086190
Star Wars: May the 4th Marathon,Star Wars: Episode VI - Return of the Jedi,gr3363262981,tt0086190
Original Release,Charlie and the Chocolate Factory,gr493572613,tt0367594
Original Release,Hotel Transylvania 2,gr1933267461,tt2510894
Original Release,Indiana Jones and the Last Crusade,gr643846661,tt0097576
1992 Re-release,Indiana Jones and the Last Crusade,gr660623877,tt0097576
Original Release,San Andreas,gr3033420293,tt2126355
Original Release,It Chapter Two,gr3159511557,tt7349950
Original Release,Wreck-It Ralph,gr4278342149,tt1772341
Original Release,Jaws,gr3237696005,tt0073195
2012 Re-release,Jaws,gr3254473221,tt0073195
2019 Re-release,Jaws,gr3338359301,tt0073195
Original Release,The Hangover,gr1614565893,tt1119646
2009 Re-release,The Hangover,gr1631343109,tt1119646
Original Release,The Lego Movie,gr2634043909,tt1490017
Original Release,Bumblebee,gr2098156037,tt4701182
Original Release,Star Trek Into Darkness,gr2698924549,tt1408101
Original Release,The Matrix,gr979587589,tt0133093
2003 Re-release,The Matrix,gr996364805,tt0133093
2019 Re-release,The Matrix,gr946033157,tt0133093
Original Release,Pretty Woman,gr87904773,tt0100405
Original Release,Cars,gr3256701445,tt0317219
Original Release,Gladiator,gr2536067589,tt0172495
20th Anniversary,Gladiator,gr3668136453,tt0172495
Original Release,X-Men: The Last Stand,gr86528517,tt0376994
Original Release,National Treasure: Book of Secrets,gr3406320133,tt0465234
Original Release,Lucy,gr2824491525,tt2872732
Original Release,Mission: Impossible,gr1880314373,tt0117060
2006 Re-release,Mission: Impossible,gr1897091589,tt0117060
Original Release,300,gr3672003077,tt0416449
Original Release,The Last Samurai,gr1710707205,tt0325710
Original Release,Dying to Survive,gr3524612613,tt7362036
2019 Re-release,Dying to Survive,gr3541389829,tt7362036
Original Release,Ocean's Eleven,gr2971685381,tt0240772
Original Release,"My People, My Country",gr902124037,tt10147382
Original Release,Thor,gr584995333,tt0800369
Original Release,Pearl Harbor,gr2728940037,tt0213149
Original Release,Tarzan,gr2698793477,tt0120855
Original Release,La La Land,gr2781106693,tt3783958
Original Release,Men in Black II,gr1372344837,tt0120912
Original Release,Men in Black II,gr2216710661,tt0120912
Original Release,The Bourne Ultimatum,gr369316357,tt0440963
Original Release,The Mummy Returns,gr4044575237,tt0209163
2007 Re-release,The Mummy Returns,gr4128461317,tt0209163
Original Release,Alvin and the Chipmunks: The Squeakquel,gr1564430853,tt1231580
Original Release,Les Misérables,gr589124101,tt1707386
Original Release,The Exorcist,gr3225768453,tt0070047
2000 Director's Cut,The Exorcist,gr3242545669,tt0070047
Extended Director's Cut,The Exorcist,gr3326431749,tt0070047
Original Release,Mrs. Doubtfire,gr1273123333,tt0107614
Original Release,Terminator Genisys,gr1182290437,tt1340138
Original Release,Beauty and the Beast,gr191779333,tt0101414
2000 IMAX Release,Beauty and the Beast,gr141447685,tt0101414
2012 3D Release,Beauty and the Beast,gr158224901,tt0101414
2012 3D Release,Beauty and the Beast,gr242110981,tt0101414
Original Release,Warcraft,gr2367640069,tt0803096
Original Release,A Star Is Born,gr1007768069,tt1517451
Original Release,The Greatest Showman,gr3788919301,tt1485796
Original Release,Terminator 3: Rise of the Machines,gr993677829,tt0181852
Original Release,Pokémon Detective Pikachu,gr3275444741,tt5884052
Original Release,Die Another Day,gr2035896837,tt0246460
Original Release,The Secret Life of Pets 2,gr2298958341,tt5113040
Original Release,Cast Away,gr2299220485,tt0162222
Original Release,Rampage,gr4083569157,tt2231461
Original Release,The King's Speech,gr1902924293,tt1504320
PG-13 Version,The King's Speech,gr1986810373,tt1504320
Original Release,The Matrix Revolutions,gr1110528517,tt0242653
2019 Re-release,The Matrix Revolutions,gr1127305733,tt0242653
Original Release,The Intouchables,gr3502920197,tt1675434
Original Release,Django Unchained,gr2115785221,tt1853728
Original Release,Dances with Wolves,gr3067695621,tt0099348
Original Release,The Chronicles of Narnia: Prince Caspian,gr22172165,tt0499448
Original Release,Bad Boys for Life,gr3944174085,tt1502397
Original Release,Sex and the City,gr2922598917,tt1000774
Original Release,The Captain,gr107893253,tt10218664
Original Release,The Mummy,gr1631801861,tt0120616
Original Release,The Chronicles of Narnia: The Voyage of the Dawn Treader,gr325997061,tt0980970
Original Release,Jason Bourne,gr2385007109,tt4196776
Original Release,The Wolverine,gr3025031685,tt1430132
Original Release,Kingsman: The Secret Service,gr2858963461,tt2802144
Original Release,Night at the Museum: Battle of the Smithsonian,gr4078522885,tt1078912
Original Release,Batman,gr3495645701,tt0096895
2019 Re-release,Batman,gr3512422917,tt0096895
Original Release,The Bodyguard,gr1104892421,tt0103855
2012 Re-release,The Bodyguard,gr1188778501,tt0103855
Original Release,Pacific Rim,gr1052856837,tt1663662
Original Release,Kingsman: The Golden Circle,gr4226437637,tt4649466
Original Release,The Mummy,gr336351749,tt2345759
Original Release,Ice Age: Collision Course,gr307778053,tt3416828
Original Release,Twilight,gr3747631621,tt1099212
Original Release,Twilight,gr1107841541,tt1099212
2018 Re-release,Twilight,gr3697299973,tt1099212
Original Release,Signs,gr4148318725,tt0286106
Original Release,X2: X-Men United,gr1919832581,tt0290334
Original Release,Alita: Battle Angel,gr2323599877,tt0437086
Original Release,Toy Story,gr3337572869,tt0114709
2009 Re-release,Toy Story,gr3354350085,tt0114709
Original Release,The Mummy: Tomb of the Dragon Emperor,gr1383551493,tt0859163
Original Release,Prometheus,gr3122614789,tt1446714
Original Release,Gone with the Wind,gr2907263493,tt0031381
1989 Re-release,Gone with the Wind,gr2722714117,tt0031381
1998 Re-release,Gone with the Wind,gr2739491333,tt0031381
2019 Re-release,Gone with the Wind,gr2689159685,tt0031381
Original Release,TRON: Legacy,gr349721093,tt1104001
Original Release,Mission: Impossible III,gr494359045,tt0317919
Original Release,Grease,gr4128330245,tt0077631
1998 Re-release,Grease,gr4145107461,tt0077631
2008 Re-release,Grease,gr4094775813,tt0077631
2010 Sing-a-long,Grease,gr4111553029,tt0077631
2010 Sing-a-long,Grease,gr3390132741,tt0077631
2018 Re-release,Grease,gr3406909957,tt0077631
Original Release,Snow White and the Huntsman,gr468013573,tt1735898
Original Release,Mamma Mia! Here We Go Again,gr2933543429,tt6911608
Original Release,Solo: A Star Wars Story,gr3964424709,tt3778644
Original Release,The Wolf of Wall Street,gr3192869381,tt0993846
Original Release,Superman Returns,gr3157283333,tt0348150
Original Release,Robin Hood: Prince of Thieves,gr3687928325,tt0102798
Original Release,Raiders of the Lost Ark,gr593449477,tt0082971
1982 Re-release,Raiders of the Lost Ark,gr543117829,tt0082971
1983 Re-release,Raiders of the Lost Ark,gr559895045,tt0082971
2012 IMAX Release,Raiders of the Lost Ark,gr643781125,tt0082971
Original Release,Independence Day: Resurgence,gr131027461,tt1628841
Original Release,Back to the Future,gr1241338373,tt0088763
2014 Re-release,Back to the Future,gr1325224453,tt0088763
Back To The Future Day,Back to the Future,gr4047852037,tt0088763
Original Release,Live Free or Die Hard,gr1424577029,tt0337978
Original Release,Monster Hunt,gr3930214917,tt3781476
Original Release,Godzilla: King of the Monsters,gr2621460997,tt3741700
Original Release,Home,gr275075589,tt2224026
Original Release,Star Trek,gr2599703045,tt0796366
Original Release,Happy Feet,gr1643074053,tt0366548
Original Release,Cars 3,gr659837445,tt3606752
Original Release,Ice Age,gr3068547589,tt0268380
Original Release,Fifty Shades Darker,gr897274373,tt4465564
Original Release,Monsters vs. Aliens,gr2773766661,tt0892782
Original Release,Godzilla,gr4215296517,tt0120685
Original Release,True Lies,gr2402767365,tt0111503
Original Release,Slumdog Millionaire,gr289427973,tt1010048
Original Release,Taken 2,gr1792692741,tt1397280
Original Release,G.I. Joe: Retaliation,gr1579635205,tt1583421
Original Release,Spider-Man: Into the Spider-Verse,gr4195373573,tt4633694
Original Release,Mad Max: Fury Road,gr1674596869,tt1392190
2016 Re-release,Mad Max: Fury Road,gr1624265221,tt1392190
2017 Re-release,Mad Max: Fury Road,gr1641042437,tt1392190
Original Release,Shark Tale,gr372658693,tt0307453
Original Release,Once Upon a Time... in Hollywood,gr1223053829,tt7131622
Original Release,What Women Want,gr1596084741,tt0207201
Original Release,The Adventures of Tintin,gr2428719621,tt0983193
Original Release,Penguins of Madagascar,gr3093123589,tt1911658
Original Release,Batman Begins,gr98980357,tt0372784
2012 Re-release,Batman Begins,gr451301893,tt0372784
Original Release,X-Men Origins: Wolverine,gr1978749445,tt0458525
Original Release,The Golden Compass,gr3896267269,tt0385752
Original Release,Fifty Shades Freed,gr2133742085,tt4477536
Original Release,Hitch,gr3623637509,tt0386588
Original Release,Terminator Salvation,gr2201178629,tt0438488
Original Release,Captain America: The First Avenger,gr776294917,tt0458339
Original Release,Edge of Tomorrow,gr2177323525,tt1631867
Original Release,There's Something About Mary,gr3676918277,tt0129387
Original Release,Gone Girl,gr2302956037,tt2267998
Original Release,The Fugitive,gr2028687877,tt0106977
Original Release,Jurassic Park III,gr1745375749,tt0163025
Original Release,My Big Fat Greek Wedding,gr1464553989,tt0259446
Original Release,1917,gr1379619333,tt8579674
Original Release,Hello Mr. Billionaire,gr358306309,tt8529186
Original Release,Die Hard with a Vengeance,gr4285288965,tt0112864
1997 Re-release,Die Hard with a Vengeance,gr4234957317,tt0112864
Original Release,Shazam!,gr383209989,tt0448115
Original Release,The Nun,gr2232766981,tt5814060
Original Release,Alvin and the Chipmunks,gr2567590405,tt0952640
Original Release,Home Alone 2: Lost in New York,gr3737670149,tt0104431
1998 Re-release,Home Alone 2: Lost in New York,gr3754447365,tt0104431
Original Release,Home Alone 2: Lost in New York,gr1923961349,tt0104431
Original Release,Notting Hill,gr224743941,tt0125439
2019 Re-release,Notting Hill,gr40194565,tt0125439
Original Release,A Bug's Life,gr894915077,tt0120623
Original Release,Night at the Museum: Secret of the Tomb,gr2115654149,tt2692250
Original Release,Ocean's Twelve,gr2515358213,tt0349903
Original Release,Planet of the Apes,gr2317373957,tt0133152
Original Release,The Hangover Part III,gr2010796549,tt1951261
Original Release,The World Is Not Enough,gr2432455173,tt0143145
Original Release,Monster Hunt 2,gr2369409541,tt6170484
Original Release,Fast & Furious,gr2300989957,tt1013752
Original Release,Noah,gr3025359365,tt1959490
Original Release,The Karate Kid,gr3816575493,tt1155076
Original Release,Hotel Transylvania,gr1575309829,tt0837562
Original Release,Minority Report,gr4148384261,tt0181689
Original Release,Your Name.,gr2548322821,tt5311514
Original Release,Top Gun,gr2288472581,tt0092099
2013 3D Release,Top Gun,gr2305249797,tt0092099
Original Release,The Legend of Tarzan,gr3509146117,tt0918940
Original Release,American Beauty,gr425677317,tt0169547
Original Release,Apollo 13,gr1747276293,tt0112384
The IMAX Experience,Apollo 13,gr1764053509,tt0112384
25th Anniversary,Apollo 13,gr1856786949,tt0112384
Original Release,Rain Man,gr2587578885,tt0095953
Original Release,The Great Gatsby,gr1999917573,tt1343092
Original Release,Dumbo,gr466899461,tt3861390
Original Release,"I, Robot",gr1479627269,tt0343818
Original Release,Basic Instinct,gr219894277,tt0103772
Original Release,Murder on the Orient Express,gr550195717,tt3402236
Original Release,X-Men: First Class,gr1879265797,tt1270798
Original Release,The Angry Birds Movie,gr2707051013,tt1985949
Original Release,GoldenEye,gr2105233925,tt0113189
Original Release,Catch Me If You Can,gr834818565,tt0264464
Original Release,Now You See Me,gr3476771333,tt1670345
Original Release,Hannibal,gr962220549,tt0212985
Original Release,The Mask,gr1023562245,tt0110475
Original Release,Peter Rabbit,gr1238716933,tt5117670
Original Release,Speed,gr2004570629,tt0111257
Original Release,Dinosaur,gr593646085,tt0130623
Original Release,Mary Poppins Returns,gr1098011141,tt5028340
Original Release,Deep Impact,gr472732165,tt0120647
Original Release,The Lorax,gr2958643717,tt1482459
Original Release,The Maze Runner,gr3877065221,tt1790864
Original Release,Spirited Away,gr1694585349,tt0245429
FebioFest,Spirited Away,gr874271237,tt0245429
2015 Re-release,Spirited Away,gr2046906885,tt0245429
2016 Re-release,Spirited Away,gr2063684101,tt0245429
2017 Re-release,Spirited Away,gr2013352453,tt0245429
2018 Re-release,Spirited Away,gr2030129669,tt0245429
2019 Re-release,Spirited Away,gr3786363397,tt0245429
Studio Ghibli Fest 2020,Spirited Away,gr3752022533,tt0245429
Original Release,The Smurfs 2,gr4217393669,tt2017020
Original Release,National Treasure,gr2255639045,tt0368891
Original Release,Rush Hour 2,gr554586629,tt0266915
Original Release,Trolls,gr1984975365,tt1679335
Original Release,xXx: Return of Xander Cage,gr2351256069,tt1293847
Original Release,Pocahontas,gr3428471301,tt0114148
Original Release,How the Grinch Stole Christmas,gr3123859973,tt0170016
Original Release,Star Trek Beyond,gr514413061,tt2660888
Original Release,Alvin and the Chipmunks: Chipwrecked,gr2689487365,tt1615918
Original Release,Wanted,gr1379881477,tt0493464
Original Release,The Flintstones,gr1309561349,tt0109813
Original Release,A Quiet Place,gr3160756741,tt6644200
Original Release,Enchanted,gr1415664133,tt0461770
Original Release,Over the Hedge,gr3353301509,tt0327084
Original Release,300: Rise of an Empire,gr4100149765,tt1253863
Original Release,Batman Forever,gr1965445637,tt0112462
2019 Re-release,Batman Forever,gr1244025349,tt0112462
Original Release,Prince of Persia: The Sands of Time,gr942887429,tt0473075
Original Release,Back to the Future Part II,gr2012303877,tt0096874
2010 Re-release,Back to the Future Part II,gr1961972229,tt0096874
Back To The Future Day,Back to the Future Part II,gr4047852037,tt0096874
Original Release,The Curious Case of Benjamin Button,gr3994440197,tt0421715
Original Release,Journey 2: The Mysterious Island,gr1742361093,tt1397514
Original Release,The Rock,gr2657833477,tt0117500
Original Release,The Great Wall,gr2650231301,tt2034800
Original Release,Now You See Me 2,gr3775877637,tt3110958
Original Release,Never Say Die,gr1742557701,tt7431894
Original Release,Fantastic Four,gr1106661893,tt0120667
Original Release,Indiana Jones and the Temple of Doom,gr4076687877,tt0087469
Original Release,Tomorrow Never Dies,gr2801816069,tt0120347
Original Release,The Good Dinosaur,gr303714821,tt1979388
Original Release,22 Jump Street,gr3571536389,tt2294449
Original Release,Meet the Parents,gr688607749,tt0212338
Original Release,Who Framed Roger Rabbit,gr2691256837,tt0096438
Original Release,Black Swan,gr2631619077,tt0947798
Original Release,The Perfect Storm,gr443306501,tt0177971
Original Release,Crocodile Dundee,gr3526185477,tt0090555
Original Release,Green Book,gr3009171973,tt6966692
Original Release,The Devil Wears Prada,gr762532357,tt0458352
Original Release,Crazy Alien,gr3189920261,tt6660238
Original Release,Se7en,gr1747407365,tt0114369
Original Release,John Wick: Chapter 3 - Parabellum,gr2479510021,tt6146586
Original Release,Taken 3,gr1395675653,tt2446042
Original Release,The Hunchback of Notre Dame,gr1608733189,tt0116583
Original Release,A Christmas Carol,gr2989183493,tt1067106
Original Release,The SpongeBob Movie: Sponge Out of Water,gr2078364165,tt2279373
Original Release,Schindler's List,gr3907801605,tt0108052
2018 Re-release,Schindler's List,gr3924578821,tt0108052
Original Release,Megamind,gr1979208197,tt1001526
Original Release,Lethal Weapon 3,gr2852016645,tt0104714
Original Release,The Ugly Truth,gr1923830277,tt1142988
2009 Re-release,The Ugly Truth,gr1940607493,tt1142988
Original Release,Robin Hood,gr3958133253,tt0955308
Original Release,Inglourious Basterds,gr1308578309,tt0361748
Original Release,101 Dalmatians,gr477123077,tt0115433
Original Release,The Conjuring 2,gr2549699077,tt3065204
Original Release,Fatal Attraction,gr285626885,tt0093010
Original Release,The Last Airbender,gr702435845,tt0938283
Original Release,The Conjuring,gr521949701,tt1457767
Original Release,The Proposal,gr1801933317,tt1041829
Original Release,A Beautiful Mind,gr1696027141,tt0268978
2006 Re-release,A Beautiful Mind,gr2048348677,tt0268978
Original Release,Beverly Hills Cop,gr1817006597,tt0086960
Original Release,Air Force One,gr1679839749,tt0118571
Original Release,The Expendables 2,gr4233646597,tt1764651
Original Release,Chicken Little,gr2524795397,tt0371606
Original Release,As Good as It Gets,gr2353418757,tt0119822
Original Release,The Polar Express,gr586109445,tt0338348
2005 IMAX Release,The Polar Express,gr602886661,tt0338348
2006 IMAX Release,The Polar Express,gr552555013,tt0338348
2007 IMAX Release,The Polar Express,gr569332229,tt0338348
2008 IMAX Release,The Polar Express,gr653218309,tt0338348
2009 IMAX Release,The Polar Express,gr669995525,tt0338348
2010 IMAX Release,The Polar Express,gr619663877,tt0338348
2011 IMAX Release,The Polar Express,gr636441093,tt0338348
2012 IMAX Release,The Polar Express,gr988762629,tt0338348
2013 IMAX Release,The Polar Express,gr1005539845,tt0338348
2014 IMAX Release,The Polar Express,gr955208197,tt0338348
2015 IMAX Release,The Polar Express,gr971985413,tt0338348
2016 IMAX Release,The Polar Express,gr1055871493,tt0338348
2017 IMAX Release,The Polar Express,gr1072648709,tt0338348
2018 Re-release,The Polar Express,gr1022317061,tt0338348
Original Release,Maze Runner: The Scorch Trials,gr527520261,tt4046784
Original Release,Resident Evil: The Final Chapter,gr167465477,tt2592614
Original Release,Austin Powers: The Spy Who Shagged Me,gr4040053253,tt0145660
Original Release,The Lego Batman Movie,gr4049621509,tt4116284
Original Release,Ocean's Thirteen,gr176050693,tt0496806
Original Release,Little Fockers,gr2053329413,tt0970866
Original Release,Bolt,gr758338053,tt0397892
Original Release,Ransom,gr3980874245,tt0117438
Original Release,Runaway Bride,gr2958905861,tt0163187
Original Release,Knives Out,gr51532293,tt8946378
Original Release,The Blind Side,gr1692094981,tt0878804
Original Release,The Ex-File 3: The Return of The Exes,gr4030747141,tt7830888
Original Release,The Fault in Our Stars,gr3697824261,tt2582846
Original Release,The Pursuit of Happyness,gr3209777669,tt0454921
Original Release,Rise of the Guardians,gr3910357509,tt1446192
Original Release,Close Encounters of the Third Kind,gr544363013,tt0075860
1980 Special Edition,Close Encounters of the Third Kind,gr561140229,tt0075860
2016 Re-release,Close Encounters of the Third Kind,gr645026309,tt0075860
2017 Re-release,Close Encounters of the Third Kind,gr661803525,tt0075860
Original Release,Chicago,gr2033275397,tt0299658
Original Release,Sonic the Hedgehog,gr2707509765,tt3794354
Original Release,Annabelle: Creation,gr1765757445,tt5140878
Original Release,Wonder,gr1543524869,tt2543472
Original Release,Skyscraper,gr468865541,tt5758778
Original Release,A Good Day to Die Hard,gr3503706629,tt1606378
Original Release,Mulan,gr3278852613,tt0120762
Original Release,Dangal,gr2867679749,tt5074352
Original Release,Passengers,gr739594757,tt1355644
Original Release,Battleship,gr875188741,tt1440129
Original Release,Liar Liar,gr3489026565,tt0119528
Original Release,G.I. Joe: The Rise of Cobra,gr134631941,tt1046173
Original Release,Wrath of the Titans,gr87773701,tt1646987
Original Release,Fantastic 4: Rise of the Silver Surfer,gr3506786821,tt0486576
Original Release,Hook,gr1851675141,tt0102057
Original Release,Rocky IV,gr735007237,tt0089927
Original Release,Superman,gr301552133,tt0078346
2018 Re-release,Superman,gr385438213,tt0078346
Original Release,Rambo: First Blood Part II,gr3978908165,tt0089880
Original Release,Resident Evil: Afterlife,gr367022597,tt1220634
Original Release,Van Helsing,gr3103674885,tt0338526
Original Release,Stuart Little,gr941445637,tt0164912
Original Release,Beverly Hills Cop II,gr650596869,tt0092644
Original Release,Alice Through the Looking Glass,gr4233843205,tt2567026
Original Release,My Best Friend's Wedding,gr1074549253,tt0119738
Original Release,Real Steel,gr903434757,tt0433035
Original Release,Horton Hears a Who!,gr271012357,tt0451079
Original Release,Ocean's 8,gr859918853,tt5164214
Original Release,Insurgent,gr2233094661,tt2908446
Original Release,Look Who's Talking,gr2589741573,tt0097778
Original Release,Austin Powers in Goldmember,gr2821280261,tt0295178
Original Release,Miss Peregrine's Home for Peculiar Children,gr1911247365,tt1935859
Original Release,X-Men,gr3748418053,tt0120903
Original Release,Ferdinand,gr2621854213,tt3411444
Original Release,Ghostbusters,gr2193641989,tt0087332
1985 Re-release,Ghostbusters,gr2210419205,tt0087332
2011 Re-release,Ghostbusters,gr2160087557,tt0087332
30th Anniversary Release,Ghostbusters,gr2176864773,tt0087332
2019 Re-release,Ghostbusters,gr2260750853,tt0087332
Original Release,Shutter Island,gr3068154373,tt1130884
Original Release,Doctor Dolittle,gr245977605,tt0118998
Original Release,Bee Movie,gr2355712517,tt0389790
Original Release,Salt,gr3590017541,tt0944835
Original Release,G-Force,gr1728926213,tt0436339
Original Release,The Departed,gr1358909957,tt0407887
Original Release,What Lies Beneath,gr3927265797,tt0161081
Original Release,Pacific Rim: Uprising,gr154554885,tt2557478
Original Release,The Bourne Supremacy,gr1393775109,tt0372183
2006 Re-release,The Bourne Supremacy,gr1343443461,tt0372183
Original Release,Sex and the City 2,gr2161267205,tt1261945
Original Release,Shakespeare in Love,gr2951238149,tt0138097
Original Release,Divergent,gr4198650373,tt1840309
Original Release,Coming to America,gr2279625221,tt0094898
Original Release,Wedding Crashers,gr223236613,tt0396269
Original Release,Bridesmaids,gr3461042693,tt1478338
Original Release,Maze Runner: The Death Cure,gr3436990981,tt4500922
Original Release,Casper,gr2521256453,tt0112642
Original Release,American Pie 2,gr2466075141,tt0252866
Original Release,Pitch Perfect 2,gr2351387141,tt2848292
Original Release,The Green Mile,gr2318291461,tt0120689
Original Release,Oblivion,gr1558991365,tt1483013
Original Release,Elysium,gr3452981765,tt1535108
Original Release,Lethal Weapon 4,gr3764867589,tt0122151
Original Release,John Carter,gr236474885,tt0401729
Original Release,Paddington,gr206787077,tt1109624
Original Release,Turbo,gr2114277893,tt1860353
Original Release,Bridget Jones's Diary,gr2549961221,tt0243155
Original Release,The Tourist,gr3642315269,tt1243957
Original Release,Split,gr1413370373,tt4972582
Original Release,Scary Movie,gr601772549,tt0175142
Original Release,xXx,gr3441447429,tt0295701
Original Release,The Bourne Legacy,gr3406189061,tt1194173
Original Release,Mr. Peabody & Sherman,gr3894366725,tt0864835
Original Release,Scooby-Doo,gr198595077,tt0267913
Original Release,Lincoln,gr422007301,tt0443272
Original Release,Lara Croft: Tomb Raider,gr373445125,tt0146316
Original Release,Tomb Raider,gr518803973,tt1365519
Original Release,The Expendables,gr3715387909,tt1320253
Original Release,Cloudy with a Chance of Meatballs 2,gr3737145861,tt1985966
Original Release,The Little Mermaid,gr2860012037,tt0097757
1990 Re-release,The Little Mermaid,gr2876789253,tt0097757
1991 Re-release,The Little Mermaid,gr2826457605,tt0097757
1997 Re-release,The Little Mermaid,gr2843234821,tt0097757
Original Release,The Nutty Professor,gr3789836805,tt0117218
Original Release,Jerry Maguire,gr3795538437,tt0116695
Original Release,Bad Boys II,gr1608077829,tt0172156
Original Release,Lilo & Stitch,gr4208480773,tt0275847
Original Release,The Silence of the Lambs,gr4145500677,tt0102926
2017 Re-release,The Silence of the Lambs,gr4095169029,tt0102926
Original Release,Grown Ups,gr4242362885,tt1375670
Original Release,Neighbors,gr1079726597,tt2004420
Original Release,The Firm,gr3308016133,tt0106918
Original Release,We're the Millers,gr1712542213,tt1723121
Original Release,Gran Torino,gr668553733,tt1205489
Original Release,"10,000 BC",gr3662500357,tt0443649
Original Release,American Gangster,gr689852933,tt0765429
Original Release,Epic,gr154358277,tt0848537
Original Release,Exodus: Gods and Kings,gr3261878789,tt1528100
Original Release,Bambi,gr3748024837,tt0034492
1947 Re-release,Bambi,gr3697693189,tt0034492
1957 Re-release,Bambi,gr3714470405,tt0034492
1966 Re-release,Bambi,gr3529921029,tt0034492
1975 Re-release,Bambi,gr3546698245,tt0034492
1982 Re-release,Bambi,gr3496366597,tt0034492
1988 Re-release,Bambi,gr3513143813,tt0034492
Original Release,The Princess and the Frog,gr3927527941,tt0780521
Original Release,Batman Returns,gr1715950085,tt0103776
2019 Re-release,Batman Returns,gr1732727301,tt0103776
Original Release,Indecent Proposal,gr852644357,tt0107211
Original Release,Something's Gotta Give,gr1061704197,tt0337741
Original Release,Bridget Jones: The Edge of Reason,gr617042437,tt0317198
Original Release,The Incredible Hulk,gr1573147141,tt0800080
Original Release,Waterworld,gr153637381,tt0114898
Original Release,The Truman Show,gr1388728837,tt0120382
Original Release,Charlie's Angels,gr423580165,tt0160127
Original Release,The Fifth Element,gr1288458757,tt0119116
2017 Re-release,The Fifth Element,gr1305235973,tt0119116
Original Release,Jumanji,gr490557957,tt0113497
2018 NCM Fathom Event,Jumanji,gr134173189,tt0113497
Original Release,Borat: Cultural Learnings of America for Make Benefit Glorious Nation of Kazakhstan,gr4034679301,tt0443453
Original Release,Robots,gr2126729733,tt0358082
Original Release,Knight and Day,gr206590469,tt1013743
2010 Re-release,Knight and Day,gr223367685,tt1013743
Original Release,Total Recall,gr2351780357,tt0100802
2012 Re-release,Total Recall,gr2368557573,tt0100802
Original Release,This Is It,gr3506393605,tt1477715
Original Release,Terminator: Dark Fate,gr2809221637,tt6450804
Original Release,The Lone Ranger,gr293360133,tt1210819
Original Release,Super 8,gr2432389637,tt1650062
Original Release,Xun long jue,gr2148356613,tt4276752
Original Release,Blade Runner 2049,gr3880014341,tt1856101
Original Release,Charlie's Angels: Full Throttle,gr1559187973,tt0305357
Original Release,Rush Hour 3,gr2345816581,tt0293564
Original Release,The Full Monty,gr1567248901,tt0119164
Original Release,Kung Fu Yoga,gr1152078341,tt4217392
Original Release,Parasite,gr2497925637,tt6751668
Original Release,Parasite,gr799232517,tt6751668
Original Release,Annabelle,gr3663548933,tt3322940
Original Release,The Village,gr3018084869,tt0368447
Original Release,Lost in Hong Kong,gr3913241093,tt4242158
Original Release,Erin Brockovich,gr1495290373,tt0195685
Original Release,Pegasus,gr2681426437,tt9597190
Original Release,Marley & Me,gr2166903301,tt0822832
Original Release,Halloween,gr4032254469,tt1502407
Original Release,Get Out,gr922309125,tt5052448
2018 Re-release,Get Out,gr939086341,tt5052448
Original Release,Us,gr3355726341,tt6857112
Original Release,Cliffhanger,gr2198032901,tt0106582
Original Release,Baahubali 2: The Conclusion,gr1896370693,tt4849438
Original Release,Babe,gr363418117,tt0112431
Original Release,Men in Black: International,gr91640325,tt2283336
Original Release,Wild Hogs,gr2371441157,tt0486946
Original Release,High School Musical 3,gr1860260357,tt0962726
Original Release,Hercules,gr534729221,tt0119282
Original Release,X-Men: Dark Phoenix,gr4260319749,tt6565702
Original Release,True Grit,gr2569228805,tt1403865
Original Release,Bean,gr4079899141,tt0118689
Original Release,American Hustle,gr3995816453,tt1800241
Original Release,Enemy of the State,gr2605797893,tt0120660
Original Release,You've Got Mail,gr3711914501,tt0128853
Original Release,Eragon,gr4008071685,tt0449010
Original Release,Brother Bear,gr168448517,tt0328880
Original Release,The Mask of Zorro,gr2011255301,tt0120746
Original Release,The Ring,gr1919308293,tt0298130
Original Release,The Blair Witch Project,gr1121538565,tt0185937
Original Release,Unbreakable,gr3706802693,tt0217869
Original Release,Journey to the West: The Demons Strike Back,gr473584133,tt5273624
Original Release,Dumb and Dumber,gr3157217797,tt0109686
Original Release,Glass,gr3405926917,tt6823368
Original Release,Grown Ups 2,gr2269204997,tt2191701
Original Release,The Peanuts Movie,gr3440923141,tt2452042
Original Release,Back to the Future Part III,gr2179944965,tt0099088
Back To The Future Day,Back to the Future Part III,gr4047852037,tt0099088
Original Release,The Godfather,gr3090829829,tt0068646
1997 Re-release,The Godfather,gr3107607045,tt0068646
2009 Re-release,The Godfather,gr3191493125,tt0068646
2011 Re-release,The Godfather,gr3208270341,tt0068646
2014 Re-release,The Godfather,gr3157938693,tt0068646
2017 Re-release,The Godfather,gr3174715909,tt0068646
2018 Re-release,The Godfather,gr2990166533,tt0068646
Original Release,Rango,gr1324175877,tt1192628
Original Release,Four Weddings and a Funeral,gr3680391685,tt0109831
Original Release,Face/Off,gr271143429,tt0119094
Original Release,Teenage Mutant Ninja Turtles: Out of the Shadows,gr334385669,tt3949660
Original Release,Dark Shadows,gr70996485,tt1077368
Original Release,Hulk,gr2086818309,tt0286716
Original Release,The Bravest,gr258953733,tt10218674
Original Release,Welcome to the Sticks,gr1092178437,tt1064932
Original Release,Love Actually,gr2132234757,tt0314331
Original Release,Pixels,gr1187074565,tt2120120
Original Release,Hercules,gr1719357957,tt1267297
Original Release,Rush Hour,gr3270791685,tt0120812
2000 Re-release,Rush Hour,gr3287568901,tt0120812
Original Release,Journey to the Center of the Earth,gr219632133,tt0373051
Original Release,After Earth,gr3469234693,tt1815862
Original Release,A Few Good Men,gr893669893,tt0104257
Original Release,Cloudy with a Chance of Meatballs,gr2150191621,tt0844471
Original Release,8 Mile,gr3005633029,tt0298203
Original Release,Daddy's Home,gr640307717,tt1528854
Original Release,RoboCop,gr238899717,tt1234721
Original Release,Eraser,gr3587133957,tt0116213
Original Release,Alien: Covenant,gr3109048837,tt2316204
Original Release,Sully,gr1762152965,tt3263904
Original Release,Assassin's Creed,gr1980256773,tt2094766
Original Release,Click,gr3978580485,tt0389860
Original Release,Die Hard 2,gr2029474309,tt0099423
1993 Re-release,Die Hard 2,gr2046251525,tt0099423
Original Release,Resident Evil: Retribution,gr2066698757,tt1855325
Original Release,Crocodile Dundee II,gr3891220997,tt0092493
Original Release,Planes,gr2564903429,tt1691917
Original Release,Crazy Rich Asians,gr3492762117,tt3104988
Original Release,Batman & Robin,gr1999524357,tt0118688
2019 Re-release,Batman & Robin,gr1949192709,tt0118688
Original Release,Gulliver's Travels,gr778523141,tt1320261
Original Release,Gone in 60 Seconds,gr3158135301,tt0187078
Original Release,Saturday Night Fever,gr3946861061,tt0076666
Original Release,Silver Linings Playbook,gr2304332293,tt1045658
Original Release,2 Fast 2 Furious,gr558518789,tt0322259
Original Release,Howl's Moving Castle,gr4080488965,tt0347149
2019 Re-release,Howl's Moving Castle,gr4030157317,tt0347149
Studio Ghibli Fest 2020,Howl's Moving Castle,gr3634582021,tt0347149
Original Release,Hidden Figures,gr319115781,tt4846340
Original Release,A.I. Artificial Intelligence,gr3117306373,tt0212720
Original Release,Dead Poets Society,gr3260633605,tt0097165
Original Release,Spy,gr3359068677,tt3079380
Original Release,American Pie,gr3982905861,tt0163651
Original Release,American Reunion,gr2566017541,tt1605630
Original Release,Big Daddy,gr923816453,tt0142342
Original Release,Alvin and the Chipmunks: The Road Chip,gr140202501,tt2974918
Original Release,The Imitation Game,gr1844466181,tt2084970
Original Release,The Day the Earth Stood Still,gr485380613,tt0970416
Original Release,American Wedding,gr2152354309,tt0328828
Original Release,The Girl with the Dragon Tattoo,gr688345605,tt1568346
Original Release,Juno,gr386290181,tt0467406
Original Release,Argo,gr3301396997,tt1024648
Original Release,Mr. Bean's Holiday,gr1227248133,tt0453451
Original Release,The English Patient,gr802443781,tt0116209
Original Release,Sister Act,gr2110673413,tt0105417
Original Release,Annabelle Comes Home,gr1661817349,tt8350360
Original Release,Constantine,gr3641397765,tt0360486
Original Release,Get Smart,gr1408258565,tt0425061
Original Release,Space Jam,gr2211926533,tt0117705
Original Release,Life Is Beautiful,gr1735283205,tt0118799
Dubbed,Life Is Beautiful,gr1684951557,tt0118799
2016 Re-release,Life Is Beautiful,gr1701728773,tt0118799
Original Release,The Heat,gr2302431749,tt2404463
Original Release,Ghostbusters,gr1413698053,tt1289401
Original Release,Ghost Rider,gr2305905157,tt0259324
Original Release,Sennen no koi - Hikaru Genji monogatari,gr1088442885,tt0316566
Original Release,Goodbye Mr. Loser,gr1224888837,tt5061814
Original Release,Paddington 2,gr99635717,tt4468740
Original Release,Sleepless in Seattle,gr1544376837,tt0108160
2018 Re-release,Sleepless in Seattle,gr1561154053,tt0108160
Original Release,Lethal Weapon 2,gr805130757,tt0097733
Original Release,The Green Hornet,gr2558153221,tt0990407
Original Release,Out of Africa,gr3690484229,tt0089755
1987 Re-release,Out of Africa,gr3640152581,tt0089755
Original Release,Youth,gr3006157317,tt6654316
Original Release,Baby Driver,gr2790674949,tt3890160
Original Release,Immortals,gr3955970565,tt1253864
Original Release,Taken,gr905990661,tt0936501
Original Release,Percy Jackson & the Olympians: The Lightning Thief,gr4276965893,tt0814255
Original Release,Hansel & Gretel: Witch Hunters,gr342905349,tt1428538
Original Release,Good Will Hunting,gr2010993157,tt0119217
Original Release,Valerian and the City of a Thousand Planets,gr170283525,tt2239822
Original Release,Ford v Ferrari,gr2546356741,tt1950186
Original Release,Better Days,gr1006653957,tt9586294
Original Release,Jumper,gr2376684037,tt0489099
Original Release,The Social Network,gr1147359749,tt1285016
Original Release,Chicken Run,gr3822277125,tt0120630
Original Release,Con Air,gr812077573,tt0118880
Original Release,Interview with the Vampire: The Vampire Chronicles,gr3251917317,tt0110148
Original Release,Flightplan,gr2430226949,tt0408790
Original Release,Dolittle,gr888885765,tt6673612
Original Release,Yes Man,gr845107717,tt1068680
Original Release,Non-Stop,gr592400901,tt2024469
Original Release,"Honey, I Shrunk the Kids",gr753881605,tt0097523
Original Release,Fahrenheit 9/11,gr2638369285,tt0361596
Original Release,Wild Wild West,gr3288945157,tt0120891
Original Release,Elf,gr3670561285,tt0319343
2018 Re-release,Elf,gr3687338501,tt0319343
2019 Re-release,Elf,gr3903607301,tt0319343
Original Release,Geostorm,gr586895877,tt1981128
Original Release,Presumed Innocent,gr2832880133,tt0100404
Original Release,Collateral,gr1799705093,tt0369339
Original Release,Scary Movie 3,gr885084677,tt0306047
Original Release,Inferno,gr2606649861,tt3062096
Original Release,Knocked Up,gr3217641989,tt0478311
Original Release,Green Lantern,gr3093058053,tt1133985
Original Release,What Happens in Vegas,gr1650938373,tt1033643
Original Release,It's Complicated,gr3256635909,tt1230414
Original Release,The Terminal,gr1272336901,tt0362227
Original Release,Captain Phillips,gr3143324165,tt1535109
Original Release,The Prince of Egypt,gr3511439877,tt0120794
Original Release,Jack Reacher,gr3357692421,tt0790724
Original Release,Kingdom of Heaven,gr383734277,tt0320661
Original Release,The Emoji Movie,gr3402125829,tt4877122
Original Release,Dirty Dancing,gr4201468421,tt0092890
1997 Re-release,Dirty Dancing,gr4218245637,tt0092890
2007 Re-release,Dirty Dancing,gr4167913989,tt0092890
2016 Re-release,Dirty Dancing,gr4184691205,tt0092890
2019 Re-release,Dirty Dancing,gr4268577285,tt0092890
Original Release,Dracula Untold,gr2714587653,tt0829150
Original Release,Central Intelligence,gr3740422661,tt1489889
Original Release,Million Dollar Baby,gr1008751109,tt0405159
Original Release,The Help,gr3195490821,tt1454029
Original Release,Twins,gr3262861829,tt0096320
Original Release,Valentine's Day,gr48845317,tt0817230
Original Release,Bad Teacher,gr914182661,tt1284575
Original Release,One Hundred and One Dalmatians,gr3677245957,tt0055254
1969 Re-release,One Hundred and One Dalmatians,gr3626914309,tt0055254
1979 Re-release,One Hundred and One Dalmatians,gr3643691525,tt0055254
1985 Re-release,One Hundred and One Dalmatians,gr3727577605,tt0055254
1991 Re-release,One Hundred and One Dalmatians,gr3744354821,tt0055254
2012 Re-release,One Hundred and One Dalmatians,gr3694023173,tt0055254
2018 Re-release,One Hundred and One Dalmatians,gr3710800389,tt0055254
Original Release,Clear and Present Danger,gr2195804677,tt0109444
Original Release,Ted 2,gr4176105989,tt2637276
Original Release,Bram Stoker's Dracula,gr2027704837,tt0103874
Original Release,Vertical Limit,gr1875005957,tt0190865
Original Release,Ghostbusters II,gr1330729477,tt0097428
Original Release,The Patriot,gr3695596037,tt0187393
Original Release,The Sorcerer's Apprentice,gr2623361541,tt0963966
Original Release,Just Go with It,gr2244104709,tt1564367
Original Release,The Expendables 3,gr3776270853,tt2333784
Original Release,Creed II,gr2863354373,tt6343314
Original Release,Pulp Fiction,gr1674924549,tt0110912
2014 Re-release,Pulp Fiction,gr1624592901,tt0110912
2017 Re-release,Pulp Fiction,gr1641370117,tt0110912
2019 Re-release,Pulp Fiction,gr1725256197,tt0110912
Original Release,Public Enemies,gr3480637957,tt1152836
Original Release,Smallfoot,gr3542503941,tt6182908
Original Release,The Bourne Identity,gr660492805,tt0258463
Original Release,Disclosure,gr4190392837,tt0109635
Original Release,The Aviator,gr2950582789,tt0338751
Original Release,"Crouching Tiger, Hidden Dragon",gr3580187141,tt0190332
Original Release,Braveheart,gr1910329861,tt0112573
25th Anniversary,Braveheart,gr1370247685,tt0112573
Original Release,Into the Woods,gr1126388229,tt2180411
Original Release,Bedtime Stories,gr107565573,tt0960731
Original Release,Miss Congeniality,gr4215886341,tt0212346
Original Release,Entrapment,gr3443216901,tt0137494
Original Release,Ace Ventura: When Nature Calls,gr4293874181,tt0112281
Original Release,End of Days,gr3698348549,tt0146675
Original Release,Bridget Jones's Baby,gr2030719493,tt1473832
Original Release,Battle Los Angeles,gr3057930757,tt1217613
Original Release,Fury,gr1496666629,tt2713180
Original Release,Australia,gr4233384453,tt0455824
Original Release,Due Date,gr415781381,tt1231583
Original Release,Master and Commander: The Far Side of the World,gr1406226949,tt0311113
Original Release,Lemony Snicket's A Series of Unfortunate Events,gr1120031237,tt0339291
Original Release,District 9,gr4230566405,tt1136608
Original Release,The Jungle Book,gr3043709445,tt0061852
1984 Re-release,The Jungle Book,gr2322289157,tt0061852
1990 Re-release,The Jungle Book,gr2339066373,tt0061852
2000 Re-release,The Jungle Book,gr2288734725,tt0061852
Original Release,Moonraker,gr992956933,tt0079574
Original Release,The Others,gr1188450821,tt0230600
Original Release,Horrible Bosses,gr399135237,tt1499658
Original Release,Us and Them,gr2034455045,tt8033592
Original Release,Red Dragon,gr2788577797,tt0289765
Original Release,Tomorrowland,gr888689157,tt1964418
Original Release,Me Before You,gr2919649797,tt2674426
Original Release,Safe House,gr89543173,tt1599348
Original Release,S.W.A.T.,gr3311096325,tt0257076
Original Release,Traffic,gr3420475909,tt0181865
Original Release,The Fast and the Furious,gr4182725125,tt0232500
2009 Re-release,The Fast and the Furious,gr4266611205,tt0232500
Original Release,Paranormal Activity 3,gr137187845,tt1778304
Original Release,Philadelphia,gr264458757,tt0107818
Original Release,Sleepy Hollow,gr4249244165,tt0162661
Original Release,Little Women,gr1819365893,tt3281548
Original Release,The Holiday,gr4233449989,tt0457939
Original Release,London Has Fallen,gr1326993925,tt3300542
Original Release,A Dog's Purpose,gr1070879237,tt1753383
2018 Re-release,A Dog's Purpose,gr1020547589,tt1753383
Original Release,The Break-Up,gr2624672261,tt0452594
Original Release,Journey to the West,gr1533497861,tt2017561
Original Release,JFK,gr2515423749,tt0102138
Original Release,White House Down,gr2026328581,tt2334879
Original Release,Fun with Dick and Jane,gr3160822277,tt0369441
Original Release,Eat Pray Love,gr515920389,tt0879870
Original Release,You Don't Mess with the Zohan,gr594629125,tt0960144
Original Release,King Arthur,gr3534443013,tt0349683
Original Release,Hairspray,gr1264865797,tt0427327
Original Release,Yogi Bear,gr525292037,tt1302067
Original Release,Everest,gr120410629,tt2719848
Original Release,Vanilla Sky,gr3419034117,tt0259711
Original Release,Arrival,gr3034927621,tt2543164
Original Release,Need for Speed,gr3540865541,tt2369135
Original Release,Ponyo,gr1199329797,tt0876563
2018 Re-release,Ponyo,gr1148998149,tt0876563
Original Release,Garfield,gr1914262021,tt0356634
Original Release,The Addams Family,gr369644037,tt1620981
Original Release,Patch Adams,gr1138577925,tt0129290
Original Release,Teenage Mutant Ninja Turtles,gr2369540613,tt0100758
Original Release,Kindergarten Cop,gr417550853,tt0099938
Original Release,Birds of Prey: And the Fantabulous Emancipation of One Harley Quinn,gr1265914373,tt7713068
Original Release,Straight Outta Compton,gr3092271621,tt1398426
Original Release,21 Jump Street,gr1884639749,tt1232829
Original Release,Valkyrie,gr1355108869,tt0985699
Original Release,Open Season,gr3341701637,tt0400717
Original Release,Cats & Dogs,gr3173011973,tt0239395
Original Release,The Hunt for Red October,gr1442927109,tt0099810
Original Release,Percy Jackson: Sea of Monsters,gr2397327877,tt1854564
Original Release,Two Weeks Notice,gr610357765,tt0313737
Original Release,RED,gr761352709,tt1245526
Original Release,City of Angels,gr2754302469,tt0120632
Original Release,The Pacifier,gr1144410629,tt0395699
Original Release,50 First Dates,gr912740869,tt0343660
Original Release,Total Recall,gr1534546437,tt1386703
Original Release,The Island,gr1828475397,tt8755316
Original Release,The Impossible,gr2452115973,tt1649419
Original Release,Lost in Thailand,gr2753778181,tt2459022
Original Release,Christopher Robin,gr2581484037,tt4575576
Original Release,Jack the Giant Slayer,gr1294684677,tt1351685
Original Release,Smurfs: The Lost Village,gr4281881093,tt2398241
Original Release,Spy Kids 3-D: Game Over,gr1844400645,tt0338459
2006 Re-release,Spy Kids 3-D: Game Over,gr1659851269,tt0338459
Original Release,Panic Room,gr2625327621,tt0258000
2006 Re-release,Panic Room,gr2642104837,tt0258000
Original Release,The Other Woman,gr761876997,tt2203939
Original Release,Stargate,gr1574785541,tt0111282
Original Release,Beowulf,gr2699710981,tt0442933
Original Release,The Vow,gr2833404421,tt1606389
Original Release,Anger Management,gr620122629,tt0305224
Original Release,Tropic Thunder,gr3167506949,tt0942385
Original Release,The Shape of Water,gr635589125,tt5580390
Original Release,The Pelican Brief,gr158421509,tt0107798
Original Release,The BFG,gr554127877,tt3691740
Original Release,Rocketman,gr3863958021,tt2066051
Original Release,The Intern,gr1288393221,tt2361509
Original Release,Wallace & Gromit: The Curse of the Were-Rabbit,gr291000837,tt0312004
Original Release,Gnomeo & Juliet,gr1948471813,tt0377981
Original Release,The Sum of All Fears,gr2418889221,tt0164184
Original Release,Gangs of New York,gr3831779845,tt0217505
Original Release,The Monkey King 2,gr3353956869,tt4591310
Original Release,Paranormal Activity,gr2110411269,tt1179904
Original Release,The Equalizer,gr4150088197,tt0455944
Original Release,The Lego Movie 2: The Second Part,gr2031309317,tt3513498
Original Release,Downton Abbey,gr2932756997,tt6398184
Original Release,Weathering with You,gr3001700869,tt9426210
Original Release,The Addams Family,gr3319747077,tt0101272
Original Release,The Longest Yard,gr2077577733,tt0398165
Original Release,Cheaper by the Dozen,gr2313769477,tt0349205
2006 Re-release,Cheaper by the Dozen,gr2397655557,tt0349205
Original Release,The Equalizer 2,gr1019826693,tt3766354
Original Release,Hollow Man,gr1114853893,tt0164052
Original Release,Abominable,gr1054560773,tt6324278
Original Release,Outbreak,gr461197829,tt0114069
Original Release,The Santa Clause,gr1601655301,tt0111070
Original Release,The White Storm 2: Drug Lords,gr2632077829,tt8239806
Original Release,The X Files,gr585060869,tt0120902
Original Release,Breakup Buddies,gr2564313605,tt3890264
Original Release,Rambo III,gr2771276293,tt0095956
Original Release,The Secret Life of Walter Mitty,gr1574720005,tt0359950
Original Release,Project Gutenberg,gr1561481733,tt7183578
Original Release,Jaws 2,gr3204928005,tt0077766
1980 Re-release,Jaws 2,gr3154596357,tt0077766
Original Release,12 Years a Slave,gr1175081477,tt2024544
Original Release,Heat,gr2344636933,tt0113277
Original Release,Mr. Popper's Penguins,gr1187205637,tt1396218
Original Release,The Grudge,gr4050997765,tt0391198
Original Release,I Now Pronounce You Chuck & Larry,gr3708703237,tt0762107
Original Release,The Horse Whisperer,gr892424709,tt0119314
Original Release,Walk the Line,gr1098535429,tt0358273
Original Release,Jian Bing Man,gr3288420869,tt4818250
2017 Re-release,Jian Bing Man,gr3305198085,tt4818250
Original Release,The Jungle Book 2,gr773673477,tt0283426
2003 Re-release,The Jungle Book 2,gr790450693,tt0283426
Original Release,The Final Destination,gr2687848965,tt1144884
Original Release,Atlantis: The Lost Empire,gr2331529733,tt0230011
Original Release,Inside Man,gr920474117,tt0454848
Original Release,The Waterboy,gr1044861445,tt0120484
Original Release,Hugo,gr41898501,tt0970179
Original Release,Pitch Perfect 3,gr2567524869,tt4765284
Original Release,Watchmen,gr1736266245,tt0409459
Original Release,The Birdcage,gr2020102661,tt0115685
Original Release,Moulin Rouge!,gr1182487045,tt0203009
2017 Re-release,Moulin Rouge!,gr1199264261,tt0203009
Original Release,Snow White and the Seven Dwarfs,gr3173601797,tt0029583
1983 Re-release,Snow White and the Seven Dwarfs,gr2989052421,tt0029583
1987 Re-release,Snow White and the Seven Dwarfs,gr3005829637,tt0029583
1993 Re-release,Snow White and the Seven Dwarfs,gr2955497989,tt0029583
Original Release,Hop,gr2300334597,tt1411704
Original Release,Bad Moms,gr2399425029,tt4651520
Original Release,Jupiter Ascending,gr588927493,tt1617661
Original Release,Knowing,gr1158959621,tt0448011
Original Release,102 Dalmatians,gr1799770629,tt0211181
Original Release,Stand by Me Doraemon,gr2983285253,tt3331846
Original Release,Storks,gr2205110789,tt4624424
Original Release,Paul Blart: Mall Cop,gr4147335685,tt1114740
Original Release,Wayne's World,gr452481541,tt0105793
Original Release,Maverick,gr3620819461,tt0110478
Original Release,Mirror Mirror,gr3807597061,tt1667353
Original Release,The Man in the Iron Mask,gr2265403909,tt0120744
Original Release,Cape Fear,gr2236043781,tt0101540
Original Release,The Haunted Mansion,gr120476165,tt0338094
Original Release,The Monkey King Havoc in Heavens Palace,gr2027639301,tt1717715
2016 Re-release,The Monkey King Havoc in Heavens Palace,gr2044416517,tt1717715
2017 Re-release,The Monkey King Havoc in Heavens Palace,gr2128302597,tt1717715
Original Release,While You Were Sleeping,gr751718917,tt0114924
Original Release,The Bridges of Madison County,gr286544389,tt0112579
Original Release,From Vegas to Macau III,gr2104709637,tt5237980
Original Release,Poseidon,gr1775063557,tt0409182
Original Release,The First Wives Club,gr1995985413,tt0116313
Original Release,Scooby-Doo 2: Monsters Unleashed,gr34755077,tt0331632
Original Release,Hot Shots!,gr3027653125,tt0102059
Original Release,Road to Perdition,gr222056965,tt0257044
Original Release,Kill Bill: Vol. 1,gr2152288773,tt0266697
Original Release,The Scorpion King,gr2874233349,tt0277296
2008 Re-release,The Scorpion King,gr2823901701,tt0277296
Original Release,Sweet Home Alabama,gr772166149,tt0256415
Original Release,Daddy's Home 2,gr2751222277,tt5657846
Original Release,Deja Vu,gr2614841861,tt0453467
Original Release,Hacksaw Ridge,gr197153285,tt2119532
Original Release,The Post,gr2575061509,tt6294822
Original Release,Dangerous Minds,gr3726397957,tt0112792
Original Release,The Dictator,gr2585743877,tt1645170
Original Release,The League of Extraordinary Gentlemen,gr1539789317,tt0311429
Original Release,Allegiant,gr3223671301,tt3410834
Original Release,Daredevil,gr449073669,tt0287978
Original Release,City Slickers,gr720916997,tt0101587
Original Release,He's Just Not That Into You,gr4118499845,tt1001508
Original Release,Eagle Eye,gr37704197,tt1059786
Original Release,Along Came Polly,gr355029509,tt0343135
Original Release,Flushed Away,gr2700562949,tt0424095
Original Release,Scary Movie 4,gr1707692549,tt0362120
Original Release,Dante's Peak,gr1228165637,tt0118928
Original Release,Brokeback Mountain,gr3646640645,tt0388795
Original Release,Patriot Games,gr2816365061,tt0105112
Original Release,Flubber,gr1909477893,tt0119137
Original Release,Baywatch,gr475615749,tt1469304
Original Release,Double Jeopardy,gr3496104453,tt0150377
Original Release,War Horse,gr1219187205,tt1568911
Original Release,Paranormal Activity 2,gr4218573317,tt1536044
Original Release,How to Lose a Guy in 10 Days,gr1583305221,tt0251127
Original Release,Alien vs. Predator,gr2305708549,tt0370263
Original Release,Hero,gr555045381,tt0299977
Original Release,The 40-Year-Old Virgin,gr3428864517,tt0405422
Original Release,Lee Daniels' The Butler,gr1019892229,tt1327773
Original Release,The Haunting,gr2383565317,tt0171363
Original Release,The Descendants,gr1224757765,tt1033575
Original Release,The A-Team,gr3866579461,tt0429493
Original Release,Tootsie,gr459559429,tt0084805
Original Release,In the Line of Fire,gr1983861253,tt0107206
Original Release,Analyze This,gr3212595717,tt0122933
Original Release,The Hitman's Bodyguard,gr1416712709,tt1959563
Original Release,Looper,gr2436649477,tt1276104
Original Release,Serial (Bad) Weddings,gr2736607749,tt2800240
Original Release,Dr. Dolittle 2,gr3740684805,tt0240462
Original Release,The Italian Job,gr2384548357,tt0317740
Original Release,The Bucket List,gr2034651653,tt0825232
Original Release,Sleeping with the Enemy,gr2303218181,tt0102945
Original Release,Cowboys & Aliens,gr2244366853,tt0409847
Original Release,The Mule,gr4246753797,tt7959026
Original Release,George of the Jungle,gr3872018949,tt0119190
Original Release,Evan Almighty,gr1731088901,tt0413099
Original Release,Identity Thief,gr638931461,tt2024432
Original Release,The Nutcracker and the Four Realms,gr872108549,tt5523010
Original Release,Big Momma's House,gr2312851973,tt0208003
Original Release,In Time,gr2398507525,tt1637688
Original Release,Amélie,gr2002801157,tt0211915
2011 Re-release,Amélie,gr1952469509,tt0211915
Original Release,Operation Mekong,gr3488698885,tt6044910
Original Release,Anchorman 2: The Legend Continues,gr120672773,tt1229340
R-Rated Extended Cut,Anchorman 2: The Legend Continues,gr70341125,tt1229340
Original Release,Creed,gr1195594245,tt3076658
Original Release,Gemini Man,gr2572636677,tt1025100
Original Release,The Girl on the Train,gr3160101381,tt3631112
Original Release,Scream,gr3765195269,tt0117571
Original Release,Cold Mountain,gr3221115397,tt0159365
Original Release,Black Hawk Down,gr149574149,tt0265086
Original Release,The Grand Budapest Hotel,gr190206469,tt2278388
Original Release,The Santa Clause 2,gr3822342661,tt0304669
Original Release,Cloverfield,gr3892466181,tt1060277
Original Release,Scream 2,gr2648330757,tt0120082
Original Release,Couples Retreat,gr1643401733,tt1078940
Original Release,Antz,gr4185870853,tt0120587
Original Release,Blood Diamond,gr1800098309,tt0450259
Original Release,Jackass 3D,gr2587906565,tt1116184
Original Release,No Country for Old Men,gr1657098757,tt0477348
Original Release,Spies in Disguise,gr908808709,tt5814534
Original Release,John Wick: Chapter 2,gr4071117317,tt4425200
Original Release,Cocktail,gr776491525,tt0094889
Original Release,Chinese Zodiac,gr22893061,tt1424310
2014 Re-release,Chinese Zodiac,gr106779141,tt1424310
Original Release,Mr. Deeds,gr741495301,tt0280590
Original Release,Contact,gr634343941,tt0118884
Original Release,Superbad,gr248271365,tt0829482
Original Release,The Other Guys,gr2338607621,tt1386588
Original Release,The Specialist,gr1415860741,tt0111255
Original Release,Olympus Has Fallen,gr460870149,tt2302755
Original Release,Starsky & Hutch,gr2009485829,tt0335438
Original Release,Shall We Dance,gr1336627717,tt0358135
Original Release,Stuart Little 2,gr4199764485,tt0243585
Original Release,Zookeeper,gr872370693,tt1222817
Original Release,Dumb and Dumber To,gr253907461,tt2096672
Original Release,Ghost in the Shell,gr511201797,tt1219827
Original Release,Seven Pounds,gr2769048069,tt0814314
