Rank,Title,Lifetime Gross,Year,Movie_ID
1,Avengers: Endgame,"$2,797,800,564",2019,tt4154796
2,Avatar,"$2,790,439,000",2009,tt0499549
3,Titanic,"$2,194,439,542",1997,tt0120338
4,Star Wars: Episode VII - The Force Awakens,"$2,068,223,624",2015,tt2488496
5,Avengers: Infinity War,"$2,048,359,754",2018,tt4154756
6,Jurassic World,"$1,670,400,637",2015,tt0369610
7,The Lion King,"$1,656,943,394",2019,tt6105098
8,The Avengers,"$1,518,812,988",2012,tt0848228
9,Furious 7,"$1,515,047,671",2015,tt2820852
10,Frozen II,"$1,450,026,933",2019,tt4520988
11,Avengers: Age of Ultron,"$1,402,805,868",2015,tt2395427
12,Black Panther,"$1,346,913,161",2018,tt1825683
13,Harry Potter and the Deathly Hallows: Part 2,"$1,341,932,398",2011,tt1201607
14,Star Wars: Episode VIII - The Last Jedi,"$1,332,539,889",2017,tt2527336
15,Jurassic World: Fallen Kingdom,"$1,308,467,944",2018,tt4881806
16,Frozen,"$1,280,802,282",2013,tt2294629
17,Beauty and the Beast,"$1,263,521,126",2017,tt2771200
18,Incredibles 2,"$1,242,805,359",2018,tt3606756
19,The Fate of the Furious,"$1,236,005,118",2017,tt4630562
20,Iron Man 3,"$1,214,811,252",2013,tt1300854
21,Minions,"$1,159,398,397",2015,tt2293640
22,Captain America: Civil War,"$1,153,296,293",2016,tt3498820
23,Aquaman,"$1,148,461,807",2018,tt1477834
24,The Lord of the Rings: The Return of the King,"$1,142,219,401",2003,tt0167260
25,Spider-Man: Far from Home,"$1,131,927,996",2019,tt6320628
26,Captain Marvel,"$1,128,274,794",2019,tt4154664
27,Transformers: Dark of the Moon,"$1,123,794,079",2011,tt1399103
28,Skyfall,"$1,108,561,013",2012,tt1074638
29,Transformers: Age of Extinction,"$1,104,054,072",2014,tt2109248
30,The Dark Knight Rises,"$1,081,041,287",2012,tt1345836
31,Joker,"$1,074,251,311",2019,tt7286456
32,Star Wars: The Rise Of Skywalker,"$1,074,144,248",2019,tt2527338
33,Toy Story 4,"$1,073,394,593",2019,tt1979376
34,Toy Story 3,"$1,066,969,703",2010,tt0435761
35,Pirates of the Caribbean: Dead Man's Chest,"$1,066,179,725",2006,tt0383574
36,Rogue One: A Star Wars Story,"$1,056,057,273",2016,tt3748528
37,Aladdin,"$1,050,693,953",2019,tt6139732
38,Pirates of the Caribbean: On Stranger Tides,"$1,045,713,802",2011,tt1298650
39,Despicable Me 3,"$1,034,799,409",2017,tt3469046
40,Jurassic Park,"$1,032,020,521",1993,tt0107290
41,Finding Dory,"$1,028,570,889",2016,tt2277860
42,Star Wars: Episode I - The Phantom Menace,"$1,027,082,707",1999,tt0120915
43,Alice in Wonderland,"$1,025,467,110",2010,tt1014759
44,Zootopia,"$1,023,784,195",2016,tt2948356
45,The Hobbit: An Unexpected Journey,"$1,017,003,568",2012,tt0903624
46,The Dark Knight,"$1,004,934,033",2008,tt0468569
47,Harry Potter and the Sorcerer's Stone,"$978,087,613",2001,tt0241527
48,Harry Potter and the Deathly Hallows: Part 1,"$976,920,103",2010,tt0926084
49,Despicable Me 2,"$970,766,005",2013,tt1690953
50,The Lion King,"$968,511,805",1994,tt0110357
51,The Jungle Book,"$966,550,600",2016,tt3040964
52,Jumanji: Welcome to the Jungle,"$962,102,237",2017,tt2283362
53,Pirates of the Caribbean: At World's End,"$960,996,492",2007,tt0449088
54,The Hobbit: The Desolation of Smaug,"$958,366,855",2013,tt1170358
55,The Hobbit: The Battle of the Five Armies,"$956,019,788",2014,tt2310332
56,The Lord of the Rings: The Two Towers,"$951,208,089",2002,tt0167261
57,Harry Potter and the Order of the Phoenix,"$942,044,510",2007,tt0373889
58,Finding Nemo,"$940,343,261",2003,tt0266543
59,Harry Potter and the Half-Blood Prince,"$934,326,396",2009,tt0417741
60,Shrek 2,"$928,760,770",2004,tt0298148
61,Bohemian Rhapsody,"$903,655,259",2018,tt1727824
62,Harry Potter and the Goblet of Fire,"$896,346,229",2005,tt0330373
63,Spider-Man 3,"$894,983,373",2007,tt0413300
64,The Lord of the Rings: The Fellowship of the Ring,"$887,832,826",2001,tt0120737
65,Ice Age: Dawn of the Dinosaurs,"$886,686,817",2009,tt1080016
66,Spectre,"$880,674,609",2015,tt2379713
67,Spider-Man: Homecoming,"$880,166,924",2017,tt2250912
68,Harry Potter and the Chamber of Secrets,"$879,465,594",2002,tt0295297
69,Ice Age: Continental Drift,"$877,244,782",2012,tt1667889
70,The Secret Life of Pets,"$875,457,937",2016,tt2709768
71,Batman v Superman: Dawn of Justice,"$873,634,919",2016,tt2975590
72,Wolf Warrior 2,"$870,325,439",2017,tt7131870
73,Star Wars: Episode III - Revenge of the Sith,"$868,390,560",2005,tt0121766
74,The Hunger Games: Catching Fire,"$865,011,746",2013,tt1951264
75,Guardians of the Galaxy Vol. 2,"$863,756,051",2017,tt3896198
76,Inside Out,"$857,611,174",2015,tt2096673
77,Venom,"$856,085,151",2018,tt1270797
78,Thor: Ragnarok,"$853,977,126",2017,tt3501632
79,Transformers: Revenge of the Fallen,"$836,303,693",2009,tt1055369
80,Inception,"$829,895,144",2010,tt1375666
81,The Twilight Saga: Breaking Dawn - Part 2,"$829,746,820",2012,tt1673434
82,Spider-Man,"$825,025,036",2002,tt0145487
83,Wonder Woman,"$821,847,012",2017,tt0451279
84,Independence Day,"$817,400,891",1996,tt0116629
85,Fantastic Beasts and Where to Find Them,"$814,037,575",2016,tt3183660
86,Shrek the Third,"$813,367,380",2007,tt0413267
87,Coco,"$807,082,196",2017,tt2380307
88,Jumanji: The Next Level,"$796,575,993",2019,tt7975244
89,Harry Potter and the Prisoner of Azkaban,"$796,093,802",2004,tt0304141
90,Pirates of the Caribbean: Dead Men Tell No Tales,"$794,861,794",2017,tt1790809
91,E.T. the Extra-Terrestrial,"$793,482,178",1982,tt0083866
92,2012,"$791,217,826",2009,tt1190080
93,Mission: Impossible - Fallout,"$791,115,104",2018,tt4912910
94,Indiana Jones and the Kingdom of the Crystal Skull,"$790,653,942",2008,tt0367882
95,Spider-Man 2,"$788,976,453",2004,tt0316654
96,Fast & Furious 6,"$788,679,850",2013,tt1905041
97,Deadpool 2,"$785,794,179",2018,tt5463162
98,Deadpool,"$782,612,155",2016,tt1431045
99,Star Wars: Episode IV - A New Hope,"$775,512,064",1977,tt0076759
100,Guardians of the Galaxy,"$772,776,600",2014,tt2015381
101,The Da Vinci Code,"$760,006,945",2006,tt0382625
102,Fast & Furious Presents: Hobbs & Shaw,"$759,056,935",2019,tt6806448
103,Maleficent,"$758,410,378",2014,tt1587310
104,The Amazing Spider-Man,"$757,930,663",2012,tt0948470
105,The Hunger Games: Mockingjay - Part 1,"$755,356,711",2014,tt1951265
106,Shrek Forever After,"$752,600,867",2010,tt0892791
107,Madagascar 3: Europe's Most Wanted,"$746,921,274",2012,tt1277953
108,Suicide Squad,"$746,846,894",2016,tt1386697
109,X-Men: Days of Future Past,"$746,045,700",2014,tt1877832
110,"The Chronicles of Narnia: The Lion, the Witch and the Wardrobe","$745,013,115",2005,tt0363771
111,Monsters University,"$743,559,607",2013,tt1453405
112,The Matrix Reloaded,"$741,846,459",2003,tt0234215
113,Up,"$735,099,082",2009,tt1049413
114,Ne Zha,"$726,063,471",2019,tt10627720
115,Gravity,"$723,192,705",2013,tt1454468
116,Captain America: The Winter Soldier,"$714,421,503",2014,tt1843866
117,The Twilight Saga: Breaking Dawn - Part 1,"$712,205,856",2011,tt1324999
118,The Twilight Saga: New Moon,"$711,020,081",2009,tt1259571
119,Dawn of the Planet of the Apes,"$710,644,566",2014,tt2103281
120,Transformers,"$709,709,780",2007,tt0418279
121,The Amazing Spider-Man 2,"$708,982,323",2014,tt1872181
122,It,"$701,796,444",2017,tt1396484
123,The Wandering Earth,"$699,760,773",2019,tt7605074
124,The Twilight Saga: Eclipse,"$698,491,347",2010,tt1325004
125,Mission: Impossible - Ghost Protocol,"$694,713,380",2011,tt1229238
126,The Hunger Games,"$694,394,724",2012,tt1392170
127,Moana,"$690,845,539",2016,tt3521164
128,Mission: Impossible - Rogue Nation,"$682,714,267",2015,tt2381249
129,Forrest Gump,"$678,222,284",1994,tt0109830
130,Doctor Strange,"$677,718,395",2016,tt1211837
131,Interstellar,"$677,471,339",2014,tt0816692
132,The Sixth Sense,"$672,806,292",1999,tt0167404
133,Man of Steel,"$668,045,518",2013,tt0770828
134,Ice Age: The Meltdown,"$667,094,506",2006,tt0438097
135,Kung Fu Panda 2,"$665,692,281",2011,tt1302011
136,The Hunger Games: Mockingjay - Part 2,"$658,344,137",2015,tt1951266
137,Justice League,"$657,924,295",2017,tt0974015
138,Big Hero 6,"$657,827,828",2014,tt2245084
139,Fantastic Beasts: The Crimes of Grindelwald,"$654,855,901",2018,tt4123430
140,Pirates of the Caribbean: The Curse of the Black Pearl,"$654,264,015",2003,tt0325980
141,Star Wars: Episode II - Attack of the Clones,"$653,779,970",2002,tt0121765
142,Thor: The Dark World,"$644,783,140",2013,tt1981115
143,Sing,"$634,151,679",2016,tt3470600
144,"Monsters, Inc.","$632,316,649",2001,tt0198781
145,Kung Fu Panda,"$631,746,197",2008,tt0441773
146,The Incredibles,"$631,606,713",2004,tt0317705
147,The Martian,"$630,161,890",2015,tt3659388
148,Hancock,"$629,443,428",2008,tt0448157
149,Fast Five,"$626,137,675",2011,tt1596343
150,Men in Black 3,"$624,026,776",2012,tt1409024
151,Iron Man 2,"$623,933,331",2010,tt1228705
152,Ratatouille,"$623,726,085",2007,tt0382932
153,Ant-Man and the Wasp,"$622,674,139",2018,tt5095030
154,How to Train Your Dragon 2,"$621,537,519",2014,tt1646971
155,Logan,"$619,021,436",2017,tt3315342
156,The Lost World: Jurassic Park,"$618,638,999",1997,tt0119567
157,Casino Royale,"$616,501,619",2006,tt0381061
158,The Passion of the Christ,"$612,054,428",2004,tt0335345
159,Mamma Mia!,"$609,896,805",2008,tt0795421
160,Life of Pi,"$609,016,565",2012,tt0454876
161,Transformers: The Last Knight,"$605,425,157",2017,tt3371366
162,Madagascar: Escape 2 Africa,"$603,900,354",2008,tt0479952
163,War of the Worlds,"$603,873,119",2005,tt0407304
164,Tangled,"$592,461,732",2010,tt0398286
165,Quantum of Solace,"$589,580,482",2008,tt0830515
166,Men in Black,"$589,390,539",1997,tt0119654
167,The Croods,"$587,204,668",2013,tt0481499
168,The Hangover Part II,"$586,764,305",2011,tt1411697
169,I Am Legend,"$585,410,052",2007,tt0480249
170,Iron Man,"$585,366,247",2008,tt0371746
171,Ready Player One,"$582,890,172",2018,tt1677720
172,Operation Red Sea,"$579,330,426",2018,tt6878882
173,Night at the Museum,"$574,480,841",2006,tt0477347
174,Fifty Shades of Grey,"$569,651,467",2015,tt2322441
175,Kong: Skull Island,"$566,652,812",2017,tt3731562
176,The Smurfs,"$563,749,323",2011,tt0472181
177,King Kong,"$562,363,449",2005,tt0360717
178,Cars 2,"$559,852,396",2011,tt1216475
179,Puss in Boots,"$554,987,477",2011,tt0448694
180,The Mermaid,"$553,810,228",2016,tt4701660
181,Armageddon,"$553,709,788",1998,tt0120591
182,The Day After Tomorrow,"$552,639,571",2004,tt0319262
183,Ted,"$549,368,315",2012,tt1637725
184,Star Wars: Episode V - The Empire Strikes Back,"$547,897,454",1980,tt0080684
185,American Sniper,"$547,426,372",2014,tt2179136
186,Mission: Impossible II,"$546,388,108",2000,tt0120755
187,Detective Chinatown 2,"$544,185,156",2018,tt7752454
188,X-Men: Apocalypse,"$543,934,105",2016,tt3385516
189,Sherlock Holmes: A Game of Shadows,"$543,848,418",2011,tt1515091
190,Despicable Me,"$543,113,985",2010,tt1323594
191,Cinderella,"$542,351,353",2015,tt1661199
192,Madagascar,"$542,063,846",2005,tt0351283
193,World War Z,"$540,007,876",2013,tt0816711
194,Brave,"$538,983,207",2012,tt1217209
195,The Simpsons Movie,"$536,414,270",2007,tt0462538
196,The Revenant,"$532,950,503",2015,tt1663202
197,The Meg,"$530,243,742",2018,tt4779682
198,Ralph Breaks the Internet,"$529,323,962",2018,tt5848272
199,Hotel Transylvania 3: Summer Vacation,"$528,583,774",2018,tt5220122
200,The Boss Baby,"$527,965,936",2017,tt3874544
201,Dunkirk,"$526,940,665",2017,tt5013056
202,Godzilla,"$524,976,069",2014,tt0831387
203,Sherlock Holmes,"$524,028,679",2009,tt0988045
204,Meet the Fockers,"$522,657,936",2004,tt0290002
205,How to Train Your Dragon: The Hidden World,"$521,799,505",2019,tt2386490
206,WALL·E,"$521,311,860",2008,tt0910970
207,Kung Fu Panda 3,"$521,170,825",2016,tt2267968
208,Terminator 2: Judgment Day,"$520,884,847",1991,tt0103064
209,Ant-Man,"$519,311,965",2015,tt0478970
210,The Grinch,"$511,595,957",2018,tt2709692
211,Ghost,"$505,869,714",1990,tt0099653
212,Aladdin,"$504,050,219",1992,tt0103639
213,Rio 2,"$498,781,117",2014,tt2357291
214,Troy,"$497,409,852",2004,tt0332452
215,Toy Story 2,"$497,374,776",1999,tt0120363
216,How to Train Your Dragon,"$494,878,759",2010,tt0892769
217,Twister,"$494,471,524",1996,tt0117998
218,Oz the Great and Powerful,"$493,311,825",2013,tt1623205
219,Clash of the Titans,"$493,214,993",2010,tt0800320
220,Maleficent: Mistress of Evil,"$491,730,089",2019,tt4777008
221,War for the Planet of the Apes,"$490,719,763",2017,tt3450958
222,Mr. & Mrs. Smith,"$487,287,646",2005,tt0356910
223,Shrek,"$487,206,214",2001,tt0126029
224,Angels & Demons,"$485,930,816",2009,tt0808151
225,Teenage Mutant Ninja Turtles,"$485,004,754",2014,tt1291150
226,Bruce Almighty,"$484,592,874",2003,tt0315327
227,Rio,"$483,866,518",2011,tt1436562
228,Saving Private Ryan,"$482,349,603",1998,tt0120815
229,Rise of the Planet of the Apes,"$481,800,873",2011,tt1318514
230,Home Alone,"$477,063,114",1990,tt0099785
231,Star Wars: Episode VI - Return of the Jedi,"$475,347,111",1983,tt0086190
232,Charlie and the Chocolate Factory,"$474,968,763",2005,tt0367594
233,Hotel Transylvania 2,"$474,800,000",2015,tt2510894
234,Indiana Jones and the Last Crusade,"$474,310,887",1989,tt0097576
235,San Andreas,"$473,990,832",2015,tt2126355
236,It Chapter Two,"$473,093,228",2019,tt7349950
237,Wreck-It Ralph,"$471,222,889",2012,tt1772341
238,Jaws,"$471,203,004",1975,tt0073195
239,The Hangover,"$469,310,836",2009,tt1119646
240,The Lego Movie,"$468,060,692",2014,tt1490017
241,Bumblebee,"$467,989,645",2018,tt4701182
242,Star Trek Into Darkness,"$467,365,246",2013,tt1408101
243,The Matrix,"$465,343,787",1999,tt0133093
244,Pretty Woman,"$463,406,268",1990,tt0100405
245,Cars,"$461,983,149",2006,tt0317219
246,Gladiator,"$460,583,960",2000,tt0172495
247,X-Men: The Last Stand,"$460,435,291",2006,tt0376994
248,National Treasure: Book of Secrets,"$459,242,249",2007,tt0465234
249,Lucy,"$458,863,600",2014,tt2872732
250,Mission: Impossible,"$457,731,198",1996,tt0117060
251,300,"$456,068,181",2007,tt0416449
252,The Last Samurai,"$454,627,263",2003,tt0325710
253,Dying to Survive,"$451,183,391",2018,tt7362036
254,Ocean's Eleven,"$450,717,150",2001,tt0240772
255,"My People, My Country","$450,064,993",2019,tt10147382
256,Thor,"$449,326,618",2011,tt0800369
257,Pearl Harbor,"$449,220,945",2001,tt0213149
258,Tarzan,"$448,191,819",1999,tt0120855
259,La La Land,"$446,486,224",2016,tt3783958
260,Men in Black II,"$445,135,288",2002,tt0120912
261,The Bourne Ultimatum,"$444,100,035",2007,tt0440963
262,The Mummy Returns,"$443,280,904",2001,tt0209163
263,Alvin and the Chipmunks: The Squeakquel,"$443,140,005",2009,tt1231580
264,Les Misérables,"$441,809,770",2012,tt1707386
265,The Exorcist,"$441,306,145",1973,tt0070047
266,Mrs. Doubtfire,"$441,286,195",1993,tt0107614
267,Terminator Genisys,"$440,603,537",2015,tt1340138
268,Beauty and the Beast,"$440,118,382",1991,tt0101414
269,Warcraft,"$439,048,914",2016,tt0803096
270,A Star Is Born,"$436,188,866",2018,tt1517451
271,The Greatest Showman,"$434,993,183",2017,tt1485796
272,Terminator 3: Rise of the Machines,"$433,371,112",2003,tt0181852
273,Pokémon Detective Pikachu,"$433,005,346",2019,tt5884052
274,Die Another Day,"$431,971,116",2002,tt0246460
275,The Secret Life of Pets 2,"$430,051,293",2019,tt5113040
276,Cast Away,"$429,632,142",2000,tt0162222
277,Rampage,"$428,028,233",2018,tt2231461
278,The King's Speech,"$427,374,317",2010,tt1504320
279,The Matrix Revolutions,"$427,344,031",2003,tt0242653
280,The Intouchables,"$426,588,510",2011,tt1675434
281,Django Unchained,"$425,368,238",2012,tt1853728
282,Dances with Wolves,"$424,208,848",1990,tt0099348
283,The Chronicles of Narnia: Prince Caspian,"$419,665,568",2008,tt0499448
284,Bad Boys for Life,"$419,074,646",2020,tt1502397
285,Sex and the City,"$418,765,321",2008,tt1000774
286,The Captain,"$416,953,262",2019,tt10218664
287,The Mummy,"$415,933,406",1999,tt0120616
288,The Chronicles of Narnia: The Voyage of the Dawn Treader,"$415,686,217",2010,tt0980970
289,Jason Bourne,"$415,484,914",2016,tt4196776
290,The Wolverine,"$414,828,246",2013,tt1430132
291,Kingsman: The Secret Service,"$414,351,546",2015,tt2802144
292,Night at the Museum: Battle of the Smithsonian,"$413,106,170",2009,tt1078912
293,Batman,"$411,556,825",1989,tt0096895
294,The Bodyguard,"$411,006,740",1992,tt0103855
295,Pacific Rim,"$411,002,906",2013,tt1663662
296,Kingsman: The Golden Circle,"$410,902,662",2017,tt4649466
297,The Mummy,"$409,231,607",2017,tt2345759
298,Ice Age: Collision Course,"$408,579,038",2016,tt3416828
299,Twilight,"$408,424,673",2008,tt1099212
300,Signs,"$408,247,917",2002,tt0286106
301,X2: X-Men United,"$407,711,549",2003,tt0290334
302,Alita: Battle Angel,"$404,852,543",2019,tt0437086
303,Toy Story,"$404,265,438",1995,tt0114709
304,The Mummy: Tomb of the Dragon Emperor,"$403,449,830",2008,tt0859163
305,Prometheus,"$403,354,469",2012,tt1446714
306,Gone with the Wind,"$402,352,579",1939,tt0031381
307,TRON: Legacy,"$400,062,763",2010,tt1104001
308,Mission: Impossible III,"$398,479,497",2005,tt0317919
309,Grease,"$397,041,902",1978,tt0077631
310,Snow White and the Huntsman,"$396,592,829",2012,tt1735898
311,Mamma Mia! Here We Go Again,"$395,044,706",2018,tt6911608
312,Solo: A Star Wars Story,"$392,924,807",2018,tt3778644
313,The Wolf of Wall Street,"$392,000,694",2013,tt0993846
314,Superman Returns,"$391,081,192",2006,tt0348150
315,Robin Hood: Prince of Thieves,"$390,493,908",1991,tt0102798
316,Raiders of the Lost Ark,"$390,133,212",1981,tt0082971
317,Independence Day: Resurgence,"$389,681,935",2016,tt1628841
318,Back to the Future,"$388,355,305",1985,tt0088763
319,Live Free or Die Hard,"$388,156,011",2007,tt0337978
320,Monster Hunt,"$387,053,506",2015,tt3781476
321,Godzilla: King of the Monsters,"$386,600,138",2019,tt3741700
322,Home,"$386,041,607",2015,tt2224026
323,Star Trek,"$385,680,446",2009,tt0796366
324,Happy Feet,"$384,335,608",2006,tt0366548
325,Cars 3,"$383,930,656",2017,tt3606752
326,Ice Age,"$383,257,136",2002,tt0268380
327,Fifty Shades Darker,"$381,545,846",2017,tt4465564
328,Monsters vs. Aliens,"$381,509,870",2009,tt0892782
329,Godzilla,"$379,014,294",1998,tt0120685
330,True Lies,"$378,882,411",1994,tt0111503
331,Slumdog Millionaire,"$378,021,385",2008,tt1010048
332,Taken 2,"$376,141,306",2012,tt1397280
333,G.I. Joe: Retaliation,"$375,740,705",2013,tt1583421
334,Spider-Man: Into the Spider-Verse,"$375,540,831",2018,tt4633694
335,Mad Max: Fury Road,"$375,209,362",2015,tt1392190
336,Shark Tale,"$374,583,879",2004,tt0307453
337,Once Upon a Time... in Hollywood,"$374,343,626",2019,tt7131622
338,What Women Want,"$374,111,707",2000,tt0207201
339,The Adventures of Tintin,"$373,993,951",2011,tt0983193
340,Penguins of Madagascar,"$373,515,621",2014,tt1911658
341,Batman Begins,"$373,413,297",2005,tt0372784
342,X-Men Origins: Wolverine,"$373,062,864",2009,tt0458525
343,The Golden Compass,"$372,234,864",2007,tt0385752
344,Fifty Shades Freed,"$371,985,018",2018,tt4477536
345,Hitch,"$371,594,210",2005,tt0386588
346,Terminator Salvation,"$371,353,001",2009,tt0438488
347,Captain America: The First Avenger,"$370,569,774",2011,tt0458339
348,Edge of Tomorrow,"$370,541,256",2014,tt1631867
349,There's Something About Mary,"$369,884,651",1998,tt0129387
350,Gone Girl,"$369,330,363",2014,tt2267998
351,The Fugitive,"$368,875,760",1993,tt0106977
352,Jurassic Park III,"$368,780,809",2001,tt0163025
353,My Big Fat Greek Wedding,"$368,744,044",2002,tt0259446
354,1917,"$368,027,644",2019,tt8579674
355,Hello Mr. Billionaire,"$366,961,907",2018,tt8529186
356,Die Hard with a Vengeance,"$366,236,538",1995,tt0112864
357,Shazam!,"$365,971,656",2019,tt0448115
358,The Nun,"$365,550,119",2018,tt5814060
359,Alvin and the Chipmunks,"$365,352,546",2007,tt0952640
360,Home Alone 2: Lost in New York,"$365,154,932",1992,tt0104431
361,Notting Hill,"$363,944,522",1999,tt0125439
362,A Bug's Life,"$363,258,859",1998,tt0120623
363,Night at the Museum: Secret of the Tomb,"$363,204,635",2014,tt2692250
364,Ocean's Twelve,"$362,744,280",2004,tt0349903
365,Planet of the Apes,"$362,211,740",2001,tt0133152
366,The Hangover Part III,"$362,000,072",2013,tt1951261
367,The World Is Not Enough,"$361,832,400",1999,tt0143145
368,Monster Hunt 2,"$361,682,618",2018,tt6170484
369,Fast & Furious,"$360,364,265",2009,tt1013752
370,Noah,"$359,200,044",2014,tt1959490
371,The Karate Kid,"$359,126,022",2010,tt1155076
372,Hotel Transylvania,"$358,375,603",2011,tt0837562
373,Minority Report,"$358,372,926",2002,tt0181689
374,Your Name.,"$357,986,087",2016,tt5311514
375,Top Gun,"$356,830,601",1986,tt0092099
376,The Legend of Tarzan,"$356,700,357",2016,tt0918940
377,American Beauty,"$356,296,601",1999,tt0169547
378,Apollo 13,"$355,237,933",1995,tt0112384
379,Rain Man,"$354,825,435",1988,tt0095953
380,The Great Gatsby,"$353,641,895",2013,tt1343092
381,Dumbo,"$353,284,621",2019,tt3861390
382,"I, Robot","$353,133,898",2004,tt0343818
383,Basic Instinct,"$352,927,224",1992,tt0103772
384,Murder on the Orient Express,"$352,789,811",2017,tt3402236
385,X-Men: First Class,"$352,616,690",2011,tt1270798
386,The Angry Birds Movie,"$352,333,929",2016,tt1985949
387,GoldenEye,"$352,194,034",1995,tt0113189
388,Catch Me If You Can,"$352,114,312",2002,tt0264464
389,Now You See Me,"$351,723,989",2013,tt1670345
390,Hannibal,"$351,692,268",2001,tt0212985
391,The Mask,"$351,583,407",1994,tt0110475
392,Peter Rabbit,"$351,266,433",2018,tt5117670
393,Speed,"$350,448,145",1994,tt0111257
394,Dinosaur,"$349,822,765",2000,tt0130623
395,Mary Poppins Returns,"$349,537,494",2018,tt5028340
396,Deep Impact,"$349,464,664",1998,tt0120647
397,The Lorax,"$348,840,316",2012,tt1482459
398,The Maze Runner,"$348,319,861",2014,tt1790864
399,Spirited Away,"$347,742,810",2001,tt0245429
400,The Smurfs 2,"$347,545,360",2013,tt2017020
401,National Treasure,"$347,512,318",2004,tt0368891
402,Rush Hour 2,"$347,325,802",2001,tt0266915
403,Trolls,"$346,864,462",2016,tt1679335
404,xXx: Return of Xander Cage,"$346,118,277",2017,tt1293847
405,Pocahontas,"$346,079,773",1995,tt0114148
406,How the Grinch Stole Christmas,"$345,141,403",2000,tt0170016
407,Star Trek Beyond,"$343,471,816",2016,tt2660888
408,Alvin and the Chipmunks: Chipwrecked,"$342,695,435",2011,tt1615918
409,Wanted,"$342,463,063",2008,tt0493464
410,The Flintstones,"$341,631,208",1994,tt0109813
411,A Quiet Place,"$340,939,361",2018,tt6644200
412,Enchanted,"$340,487,652",2007,tt0461770
413,Over the Hedge,"$339,795,890",2006,tt0327084
414,300: Rise of an Empire,"$337,580,051",2014,tt1253863
415,Batman Forever,"$336,567,531",1995,tt0112462
416,Prince of Persia: The Sands of Time,"$336,365,676",2009,tt0473075
417,Back to the Future Part II,"$335,949,377",1989,tt0096874
418,The Curious Case of Benjamin Button,"$335,802,786",2008,tt0421715
419,Journey 2: The Mysterious Island,"$335,260,290",2012,tt1397514
420,The Rock,"$335,062,621",1996,tt0117500
421,The Great Wall,"$334,933,831",2016,tt2034800
422,Now You See Me 2,"$334,897,606",2016,tt3110958
423,Never Say Die,"$334,530,869",2017,tt7431894
424,Fantastic Four,"$333,535,934",2005,tt0120667
425,Indiana Jones and the Temple of Doom,"$333,107,271",1984,tt0087469
426,Tomorrow Never Dies,"$333,011,068",1997,tt0120347
427,The Good Dinosaur,"$332,207,671",2015,tt1979388
428,22 Jump Street,"$331,333,876",2014,tt2294449
429,Meet the Parents,"$330,444,045",2000,tt0212338
430,Who Framed Roger Rabbit,"$329,803,958",1988,tt0096438
431,Black Swan,"$329,398,046",2010,tt0947798
432,The Perfect Storm,"$328,718,434",2000,tt0177971
433,Crocodile Dundee,"$328,203,506",1986,tt0090555
434,Green Book,"$327,909,440",2018,tt6966692
435,The Devil Wears Prada,"$327,893,740",2006,tt0458352
436,Crazy Alien,"$327,598,891",2019,tt6660238
437,Se7en,"$327,333,559",1995,tt0114369
438,John Wick: Chapter 3 - Parabellum,"$326,709,727",2019,tt6146586
439,Taken 3,"$326,479,141",2015,tt2446042
440,The Hunchback of Notre Dame,"$325,338,851",1996,tt0116583
441,A Christmas Carol,"$325,286,646",2009,tt1067106
442,The SpongeBob Movie: Sponge Out of Water,"$325,186,032",2015,tt2279373
443,Schindler's List,"$322,287,794",1993,tt0108052
444,Megamind,"$321,885,765",2010,tt1001526
445,Lethal Weapon 3,"$321,731,527",1992,tt0104714
446,The Ugly Truth,"$321,682,600",2009,tt1142988
447,Robin Hood,"$321,669,741",2010,tt0955308
448,Inglourious Basterds,"$321,455,689",2009,tt0361748
449,101 Dalmatians,"$320,689,294",1996,tt0115433
450,The Conjuring 2,"$320,392,818",2016,tt3065204
451,Fatal Attraction,"$320,145,693",1987,tt0093010
452,The Last Airbender,"$319,713,881",2010,tt0938283
453,The Conjuring,"$319,494,638",2013,tt1457767
454,The Proposal,"$317,375,031",2009,tt1041829
455,A Beautiful Mind,"$316,791,257",2001,tt0268978
456,Beverly Hills Cop,"$316,360,478",1984,tt0086960
457,Air Force One,"$315,156,409",1997,tt0118571
458,The Expendables 2,"$314,975,955",2012,tt1764651
459,Chicken Little,"$314,432,837",2005,tt0371606
460,As Good as It Gets,"$314,178,011",1997,tt0119822
461,The Polar Express,"$313,500,433",2004,tt0338348
462,Maze Runner: The Scorch Trials,"$312,296,056",2015,tt4046784
463,Resident Evil: The Final Chapter,"$312,242,626",2016,tt2592614
464,Austin Powers: The Spy Who Shagged Me,"$312,016,928",1999,tt0145660
465,The Lego Batman Movie,"$311,950,384",2017,tt4116284
466,Ocean's Thirteen,"$311,312,624",2007,tt0496806
467,Little Fockers,"$310,650,585",2010,tt0970866
468,Bolt,"$309,979,994",2008,tt0397892
469,Ransom,"$309,492,681",1996,tt0117438
470,Runaway Bride,"$309,460,292",1999,tt0163187
471,Knives Out,"$309,232,797",2019,tt8946378
472,The Blind Side,"$309,208,309",2009,tt0878804
473,The Ex-File 3: The Return of The Exes,"$307,592,427",2017,tt7830888
474,The Fault in Our Stars,"$307,166,834",2014,tt2582846
475,The Pursuit of Happyness,"$307,127,625",2006,tt0454921
476,Rise of the Guardians,"$306,941,670",2012,tt1446192
477,Close Encounters of the Third Kind,"$306,898,466",1977,tt0075860
478,Chicago,"$306,776,732",2002,tt0299658
479,Sonic the Hedgehog,"$306,766,470",2020,tt3794354
480,Annabelle: Creation,"$306,515,884",2017,tt5140878
481,Wonder,"$305,937,718",2017,tt2543472
482,Skyscraper,"$304,868,961",2018,tt5758778
483,A Good Day to Die Hard,"$304,654,182",2013,tt1606378
484,Mulan,"$304,320,254",1998,tt0120762
485,Dangal,"$303,723,636",2016,tt5074352
486,Passengers,"$303,144,152",2016,tt1355644
487,Battleship,"$303,025,485",2012,tt1440129
488,Liar Liar,"$302,710,615",1997,tt0119528
489,G.I. Joe: The Rise of Cobra,"$302,469,017",2009,tt1046173
490,Wrath of the Titans,"$301,970,083",2012,tt1646987
491,Fantastic 4: Rise of the Silver Surfer,"$301,913,131",2007,tt0486576
492,Hook,"$300,854,823",1991,tt0102057
493,Rocky IV,"$300,473,716",1985,tt0089927
494,Superman,"$300,451,603",1978,tt0078346
495,Rambo: First Blood Part II,"$300,400,432",1985,tt0089880
496,Resident Evil: Afterlife,"$300,228,084",2010,tt1220634
497,Van Helsing,"$300,157,638",2004,tt0338526
498,Stuart Little,"$300,135,367",1999,tt0164912
499,Beverly Hills Cop II,"$299,965,036",1987,tt0092644
500,Alice Through the Looking Glass,"$299,457,024",2016,tt2567026
501,My Best Friend's Wedding,"$299,288,605",1997,tt0119738
502,Real Steel,"$299,268,508",2011,tt0433035
503,Horton Hears a Who!,"$298,572,799",2008,tt0451079
504,Ocean's 8,"$297,718,711",2018,tt5164214
505,Insurgent,"$297,002,527",2015,tt2908446
506,Look Who's Talking,"$296,999,813",1989,tt0097778
507,Austin Powers in Goldmember,"$296,938,801",2002,tt0295178
508,Miss Peregrine's Home for Peculiar Children,"$296,482,446",2016,tt1935859
509,X-Men,"$296,339,528",2000,tt0120903
510,Ferdinand,"$296,069,199",2017,tt3411444
511,Ghostbusters,"$295,743,767",1984,tt0087332
512,Shutter Island,"$294,804,195",2010,tt1130884
513,Doctor Dolittle,"$294,456,605",1998,tt0118998
514,Bee Movie,"$293,514,336",2007,tt0389790
515,Salt,"$293,503,354",2010,tt0944835
516,G-Force,"$292,817,841",2009,tt0436339
517,The Departed,"$291,465,034",2006,tt0407887
518,What Lies Beneath,"$291,420,351",2000,tt0161081
519,Pacific Rim: Uprising,"$290,930,148",2018,tt2557478
520,The Bourne Supremacy,"$290,835,269",2004,tt0372183
521,Sex and the City 2,"$290,745,055",2010,tt1261945
522,Shakespeare in Love,"$289,317,794",1998,tt0138097
523,Divergent,"$288,885,818",2014,tt1840309
524,Coming to America,"$288,752,301",1988,tt0094898
525,Wedding Crashers,"$288,467,645",2005,tt0396269
526,Bridesmaids,"$288,383,523",2011,tt1478338
527,Maze Runner: The Death Cure,"$288,175,335",2018,tt4500922
528,Casper,"$287,928,194",1995,tt0112642
529,American Pie 2,"$287,553,595",2001,tt0252866
530,Pitch Perfect 2,"$287,144,079",2015,tt2848292
531,The Green Mile,"$286,801,374",1999,tt0120689
532,Oblivion,"$286,168,572",2013,tt1483013
533,Elysium,"$286,140,700",2013,tt1535108
534,Lethal Weapon 4,"$285,444,603",1998,tt0122151
535,John Carter,"$284,139,100",2012,tt0401729
536,Paddington,"$282,839,394",2014,tt1109624
537,Turbo,"$282,570,682",2013,tt1860353
538,Bridget Jones's Diary,"$281,929,795",2001,tt0243155
539,The Tourist,"$278,780,441",2010,tt1243957
540,Split,"$278,454,358",2017,tt4972582
541,Scary Movie,"$278,019,771",2000,tt0175142
542,xXx,"$277,448,382",2002,tt0295701
543,The Bourne Legacy,"$276,144,750",2012,tt1194173
544,Mr. Peabody & Sherman,"$275,698,039",2014,tt0864835
545,Scooby-Doo,"$275,650,703",2002,tt0267913
546,Lincoln,"$275,293,450",2012,tt0443272
547,Lara Croft: Tomb Raider,"$274,703,340",2001,tt0146316
548,Tomb Raider,"$274,650,803",2018,tt1365519
549,The Expendables,"$274,470,394",2010,tt1320253
550,Cloudy with a Chance of Meatballs 2,"$274,325,949",2013,tt1985966
551,The Little Mermaid,"$274,176,364",1989,tt0097757
552,The Nutty Professor,"$273,961,019",1996,tt0117218
553,Jerry Maguire,"$273,552,592",1996,tt0116695
554,Bad Boys II,"$273,339,556",2003,tt0172156
555,Lilo & Stitch,"$273,144,151",2002,tt0275847
556,The Silence of the Lambs,"$272,753,884",1991,tt0102926
557,Grown Ups,"$271,430,189",2010,tt1375670
558,Neighbors,"$270,665,134",2014,tt2004420
559,The Firm,"$270,248,367",1993,tt0106918
560,We're the Millers,"$269,994,119",2012,tt1723121
561,Gran Torino,"$269,958,228",2008,tt1205489
562,"10,000 BC","$269,784,201",2008,tt0443649
563,American Gangster,"$269,755,430",2007,tt0765429
564,Epic,"$268,426,634",2013,tt0848537
565,Exodus: Gods and Kings,"$268,175,631",2014,tt1528100
566,Bambi,"$267,447,150",1942,tt0034492
567,The Princess and the Frog,"$267,045,765",2009,tt0780521
568,Batman Returns,"$266,903,053",1992,tt0103776
569,Indecent Proposal,"$266,614,059",1993,tt0107211
570,Something's Gotta Give,"$265,328,738",2003,tt0337741
571,Bridget Jones: The Edge of Reason,"$265,126,918",2004,tt0317198
572,The Incredible Hulk,"$264,770,996",2008,tt0800080
573,Waterworld,"$264,218,220",1995,tt0114898
574,The Truman Show,"$264,118,201",1998,tt0120382
575,Charlie's Angels,"$264,105,545",2000,tt0160127
576,The Fifth Element,"$264,029,966",1997,tt0119116
577,Jumanji,"$262,821,940",1995,tt0113497
578,Borat: Cultural Learnings of America for Make Benefit Glorious Nation of Kazakhstan,"$262,552,893",2006,tt0443453
579,Robots,"$262,511,490",2005,tt0358082
580,Knight and Day,"$261,989,769",2008,tt1013743
581,Total Recall,"$261,317,921",1990,tt0100802
582,This Is It,"$261,183,588",2009,tt1477715
583,Terminator: Dark Fate,"$261,119,292",2019,tt6450804
584,The Lone Ranger,"$260,502,115",2013,tt1210819
585,Super 8,"$260,095,986",2011,tt1650062
586,Xun long jue,"$259,368,448",2015,tt4276752
587,Blade Runner 2049,"$259,239,658",2017,tt1856101
588,Charlie's Angels: Full Throttle,"$259,175,788",2003,tt0305357
589,Rush Hour 3,"$258,097,122",2007,tt0293564
590,The Full Monty,"$257,938,649",1997,tt0119164
591,Kung Fu Yoga,"$257,743,016",2017,tt4217392
592,Parasite,"$257,459,641",2019,tt6751668
593,Annabelle,"$257,047,661",2014,tt3322940
594,The Village,"$256,697,520",2003,tt0368447
595,Lost in Hong Kong,"$256,283,912",2015,tt4242158
596,Erin Brockovich,"$256,271,286",2000,tt0195685
597,Pegasus,"$255,863,112",2019,tt9597190
598,Marley & Me,"$255,743,093",2008,tt0822832
599,Halloween,"$255,485,178",2018,tt1502407
600,Get Out,"$255,413,717",2017,tt5052448
601,Us,"$255,184,580",2019,tt6857112
602,Cliffhanger,"$255,000,211",1993,tt0106582
603,Baahubali 2: The Conclusion,"$254,158,390",2017,tt4849438
604,Babe,"$254,134,910",1995,tt0112431
605,Men in Black: International,"$253,890,701",2019,tt2283336
606,Wild Hogs,"$253,625,427",2007,tt0486946
607,High School Musical 3,"$252,909,177",2008,tt0962726
608,Hercules,"$252,712,101",1997,tt0119282
609,X-Men: Dark Phoenix,"$252,442,974",2019,tt6565702
610,True Grit,"$252,276,927",2010,tt1403865
611,Bean,"$251,212,670",1997,tt0118689
612,American Hustle,"$251,171,807",2013,tt1800241
613,Enemy of the State,"$250,849,789",1998,tt0120660
614,You've Got Mail,"$250,821,495",1998,tt0128853
615,Eragon,"$250,425,512",2006,tt0449010
616,Brother Bear,"$250,397,798",2003,tt0328880
617,The Mask of Zorro,"$250,288,523",1998,tt0120746
618,The Ring,"$249,348,933",2002,tt0298130
619,The Blair Witch Project,"$248,639,099",1999,tt0185937
620,Unbreakable,"$248,118,121",2000,tt0217869
621,Journey to the West: The Demons Strike Back,"$247,585,244",2017,tt5273624
622,Dumb and Dumber,"$247,275,374",1994,tt0109686
623,Glass,"$246,999,039",2019,tt6823368
624,Grown Ups 2,"$246,984,278",2013,tt2191701
625,The Peanuts Movie,"$246,233,113",2015,tt2452042
626,Back to the Future Part III,"$246,144,250",1990,tt0099088
627,The Godfather,"$246,120,974",1972,tt0068646
628,Rango,"$245,724,603",2011,tt1192628
629,Four Weddings and a Funeral,"$245,700,832",1994,tt0109831
630,Face/Off,"$245,676,146",1997,tt0119094
631,Teenage Mutant Ninja Turtles: Out of the Shadows,"$245,623,848",2016,tt3949660
632,Dark Shadows,"$245,527,149",2012,tt1077368
633,Hulk,"$245,285,165",2003,tt0286716
634,The Bravest,"$245,179,562",2019,tt10218674
635,Welcome to the Sticks,"$245,144,417",2008,tt1064932
636,Love Actually,"$244,931,766",2003,tt0314331
637,Pixels,"$244,874,809",2015,tt2120120
638,Hercules,"$244,819,862",2014,tt1267297
639,Rush Hour,"$244,721,064",1998,tt0120812
640,Journey to the Center of the Earth,"$244,232,688",2008,tt0373051
641,After Earth,"$243,611,982",2013,tt1815862
642,A Few Good Men,"$243,240,178",1992,tt0104257
643,Cloudy with a Chance of Meatballs,"$243,006,126",2009,tt0844471
644,8 Mile,"$242,875,078",2002,tt0298203
645,Daddy's Home,"$242,786,137",2015,tt1528854
646,RoboCop,"$242,688,965",2014,tt1234721
647,Eraser,"$242,295,562",1996,tt0116213
648,Alien: Covenant,"$240,891,763",2017,tt2316204
649,Sully,"$240,797,623",2016,tt3263904
650,Assassin's Creed,"$240,697,856",2016,tt2094766
651,Click,"$240,685,326",2006,tt0389860
652,Die Hard 2,"$240,247,433",1990,tt0099423
653,Resident Evil: Retribution,"$240,159,255",2012,tt1855325
654,Crocodile Dundee II,"$239,606,210",1988,tt0092493
655,Planes,"$239,258,712",2013,tt1691917
656,Crazy Rich Asians,"$238,532,921",2018,tt3104988
657,Batman & Robin,"$238,235,915",1997,tt0118688
658,Gulliver's Travels,"$237,382,724",2010,tt1320261
659,Gone in 60 Seconds,"$237,202,299",2000,tt0187078
660,Saturday Night Fever,"$237,113,184",1977,tt0076666
661,Silver Linings Playbook,"$236,412,453",2012,tt1045658
662,2 Fast 2 Furious,"$236,350,661",2003,tt0322259
663,Howl's Moving Castle,"$236,212,992",2004,tt0347149
664,Hidden Figures,"$235,956,898",2016,tt4846340
665,A.I. Artificial Intelligence,"$235,926,552",2001,tt0212720
666,Dead Poets Society,"$235,860,116",1988,tt0097165
667,Spy,"$235,666,219",2015,tt3079380
668,American Pie,"$235,483,004",1999,tt0163651
669,American Reunion,"$234,989,584",2012,tt1605630
670,Big Daddy,"$234,801,895",1999,tt0142342
671,Alvin and the Chipmunks: The Road Chip,"$234,798,636",2015,tt2974918
672,The Imitation Game,"$233,555,708",2014,tt2084970
673,The Day the Earth Stood Still,"$233,093,859",2008,tt0970416
674,American Wedding,"$232,722,935",2003,tt0328828
675,The Girl with the Dragon Tattoo,"$232,617,430",2011,tt1568346
676,Juno,"$232,372,681",2007,tt0467406
677,Argo,"$232,325,503",2012,tt1024648
678,Mr. Bean's Holiday,"$232,225,908",2007,tt0453451
679,The English Patient,"$231,976,425",1996,tt0116209
680,Sister Act,"$231,605,150",1992,tt0105417
681,Annabelle Comes Home,"$231,252,591",2019,tt8350360
682,Constantine,"$230,884,728",2005,tt0360486
683,Get Smart,"$230,685,453",2008,tt0425061
684,Space Jam,"$230,418,342",1996,tt0117705
685,Life Is Beautiful,"$230,098,753",1998,tt0118799
686,The Heat,"$229,930,771",2013,tt2404463
687,Ghostbusters,"$229,147,509",2016,tt1289401
688,Ghost Rider,"$228,738,393",2007,tt0259324
689,Sennen no koi - Hikaru Genji monogatari,"$228,612,367",2001,tt0316566
690,Goodbye Mr. Loser,"$228,122,928",2015,tt5061814
691,Paddington 2,"$227,978,523",2017,tt4468740
692,Sleepless in Seattle,"$227,927,165",1993,tt0108160
693,Lethal Weapon 2,"$227,853,986",1989,tt0097733
694,The Green Hornet,"$227,817,248",2011,tt0990407
695,Out of Africa,"$227,542,205",1985,tt0089755
696,Youth,"$227,091,290",2017,tt6654316
697,Baby Driver,"$226,945,087",2017,tt3890160
698,Immortals,"$226,904,017",2011,tt1253864
699,Taken,"$226,837,760",2008,tt0936501
700,Percy Jackson & the Olympians: The Lightning Thief,"$226,497,209",2010,tt0814255
701,Hansel & Gretel: Witch Hunters,"$226,349,749",2013,tt1428538
702,Good Will Hunting,"$225,933,435",1997,tt0119217
703,Valerian and the City of a Thousand Planets,"$225,874,228",2017,tt2239822
704,Ford v Ferrari,"$225,508,210",2019,tt1950186
705,Better Days,"$225,320,294",2019,tt9586294
706,Jumper,"$225,132,113",2008,tt0489099
707,The Social Network,"$224,920,315",2010,tt1285016
708,Chicken Run,"$224,834,564",2000,tt0120630
709,Con Air,"$224,012,234",1997,tt0118880
710,Interview with the Vampire: The Vampire Chronicles,"$223,664,608",1994,tt0110148
711,Flightplan,"$223,387,299",2005,tt0408790
712,Dolittle,"$223,343,452",2020,tt6673612
713,Yes Man,"$223,241,637",2008,tt1068680
714,Non-Stop,"$222,809,600",2014,tt2024469
715,"Honey, I Shrunk the Kids","$222,724,172",1989,tt0097523
716,Fahrenheit 9/11,"$222,446,882",2004,tt0361596
717,Wild Wild West,"$222,104,681",1999,tt0120891
718,Elf,"$221,671,773",2003,tt0319343
719,Geostorm,"$221,600,160",2017,tt1981128
720,Presumed Innocent,"$221,303,188",1990,tt0100404
721,Collateral,"$220,926,695",2004,tt0369339
722,Scary Movie 3,"$220,673,217",2003,tt0306047
723,Inferno,"$220,021,259",2016,tt3062096
724,Knocked Up,"$219,922,417",2007,tt0478311
725,Green Lantern,"$219,851,172",2011,tt1133985
726,What Happens in Vegas,"$219,375,562",2008,tt1033643
727,It's Complicated,"$219,103,655",2009,tt1230414
728,The Terminal,"$219,100,084",2004,tt0362227
729,Captain Phillips,"$218,791,811",2013,tt1535109
730,The Prince of Egypt,"$218,613,188",1998,tt0120794
731,Jack Reacher,"$218,340,595",2012,tt0790724
732,Kingdom of Heaven,"$218,122,627",2005,tt0320661
733,The Emoji Movie,"$217,776,646",2017,tt4877122
734,Dirty Dancing,"$217,688,008",1987,tt0092890
735,Dracula Untold,"$217,124,280",2014,tt0829150
736,Central Intelligence,"$216,972,543",2016,tt1489889
737,Million Dollar Baby,"$216,763,646",2004,tt0405159
738,The Help,"$216,639,112",2011,tt1454029
739,Twins,"$216,614,388",1988,tt0096320
740,Valentine's Day,"$216,485,654",2010,tt0817230
741,Bad Teacher,"$216,197,492",2011,tt1284575
742,One Hundred and One Dalmatians,"$216,026,182",1961,tt0055254
743,Clear and Present Danger,"$215,887,717",1994,tt0109444
744,Ted 2,"$215,863,606",2015,tt2637276
745,Bram Stoker's Dracula,"$215,862,692",1992,tt0103874
746,Vertical Limit,"$215,663,859",2000,tt0190865
747,Ghostbusters II,"$215,394,738",1989,tt0097428
748,The Patriot,"$215,294,342",2000,tt0187393
749,The Sorcerer's Apprentice,"$215,283,742",2010,tt0963966
750,Just Go with It,"$214,945,591",2011,tt1564367
751,The Expendables 3,"$214,657,577",2014,tt2333784
752,Creed II,"$214,215,889",2018,tt6343314
753,Pulp Fiction,"$214,179,088",1994,tt0110912
754,Public Enemies,"$214,104,620",2009,tt1152836
755,Smallfoot,"$214,040,103",2018,tt6182908
756,The Bourne Identity,"$214,034,224",2002,tt0258463
757,Disclosure,"$214,015,089",1994,tt0109635
758,The Aviator,"$213,719,942",2004,tt0338751
759,"Crouching Tiger, Hidden Dragon","$213,525,736",2000,tt0190332
760,Braveheart,"$213,216,216",1995,tt0112573
761,Into the Woods,"$212,902,372",2014,tt2180411
762,Bedtime Stories,"$212,874,864",2008,tt0960731
763,Miss Congeniality,"$212,742,720",2000,tt0212346
764,Entrapment,"$212,404,396",1999,tt0137494
765,Ace Ventura: When Nature Calls,"$212,385,533",1995,tt0112281
766,End of Days,"$211,989,043",1999,tt0146675
767,Bridget Jones's Baby,"$211,952,420",2016,tt1473832
768,Battle Los Angeles,"$211,819,354",2011,tt1217613
769,Fury,"$211,817,906",2014,tt2713180
770,Australia,"$211,787,511",2008,tt0455824
771,Due Date,"$211,780,824",2010,tt1231583
772,Master and Commander: The Far Side of the World,"$211,622,535",2003,tt0311113
773,Lemony Snicket's A Series of Unfortunate Events,"$211,468,235",2004,tt0339291
774,District 9,"$210,888,950",2009,tt1136608
775,The Jungle Book,"$210,310,084",1967,tt0061852
776,Moonraker,"$210,308,099",1979,tt0079574
777,The Others,"$209,947,037",2001,tt0230600
778,Horrible Bosses,"$209,838,559",2011,tt1499658
779,Us and Them,"$209,221,380",2018,tt8033592
780,Red Dragon,"$209,196,298",2002,tt0289765
781,Tomorrowland,"$209,035,668",2015,tt1964418
782,Me Before You,"$208,314,186",2016,tt2674426
783,Safe House,"$208,076,205",2012,tt1599348
784,S.W.A.T.,"$207,725,639",2003,tt0257076
785,Traffic,"$207,515,725",2000,tt0181865
786,The Fast and the Furious,"$207,284,863",2001,tt0232500
787,Paranormal Activity 3,"$207,039,844",2011,tt1778304
788,Philadelphia,"$206,678,440",1993,tt0107818
789,Sleepy Hollow,"$206,071,502",1999,tt0162661
790,Little Women,"$206,006,503",2019,tt3281548
791,The Holiday,"$205,841,885",2006,tt0457939
792,London Has Fallen,"$205,754,447",2016,tt3300542
793,A Dog's Purpose,"$205,736,628",2017,tt1753383
794,The Break-Up,"$205,668,210",2006,tt0452594
795,Journey to the West,"$205,637,183",2013,tt2017561
796,JFK,"$205,405,498",1991,tt0102138
797,White House Down,"$205,366,737",2013,tt2334879
798,Fun with Dick and Jane,"$204,681,899",2005,tt0369441
799,Eat Pray Love,"$204,594,016",2010,tt0879870
800,You Don't Mess with the Zohan,"$204,313,400",2008,tt0960144
801,King Arthur,"$203,567,857",2004,tt0349683
802,Hairspray,"$203,552,922",2007,tt0427327
803,Yogi Bear,"$203,518,375",2010,tt1302067
804,Everest,"$203,427,584",2015,tt2719848
805,Vanilla Sky,"$203,388,341",2001,tt0259711
806,Arrival,"$203,388,186",2016,tt2543164
807,Need for Speed,"$203,277,636",2014,tt2369135
808,Ponyo,"$203,204,882",2008,tt0876563
809,Garfield,"$203,172,417",2004,tt0356634
810,The Addams Family,"$203,044,905",2019,tt1620981
811,Patch Adams,"$202,292,902",1998,tt0129290
812,Teenage Mutant Ninja Turtles,"$201,965,915",1990,tt0100758
813,Kindergarten Cop,"$201,957,688",1990,tt0099938
814,Birds of Prey: And the Fantabulous Emancipation of One Harley Quinn,"$201,858,461",2020,tt7713068
815,Straight Outta Compton,"$201,634,991",2015,tt1398426
816,21 Jump Street,"$201,585,328",2012,tt1232829
817,Valkyrie,"$201,545,517",2008,tt0985699
818,Open Season,"$200,811,689",2006,tt0400717
819,Cats & Dogs,"$200,687,492",2001,tt0239395
820,The Hunt for Red October,"$200,512,643",1990,tt0099810
821,Percy Jackson: Sea of Monsters,"$199,850,315",2013,tt1854564
822,Two Weeks Notice,"$199,043,242",2002,tt0313737
823,RED,"$199,006,387",2010,tt1245526
824,City of Angels,"$198,685,114",1998,tt0120632
825,The Pacifier,"$198,636,868",2005,tt0395699
826,50 First Dates,"$198,520,934",2004,tt0343660
827,Total Recall,"$198,467,168",2012,tt1386703
828,The Island,"$198,326,350",2018,tt8755316
829,The Impossible,"$198,087,212",2012,tt1649419
830,Lost in Thailand,"$197,757,387",2012,tt2459022
831,Christopher Robin,"$197,744,377",2018,tt4575576
832,Jack the Giant Slayer,"$197,687,603",2013,tt1351685
833,Smurfs: The Lost Village,"$197,183,546",2017,tt2398241
834,Spy Kids 3-D: Game Over,"$197,101,678",2003,tt0338459
835,Panic Room,"$197,079,546",2002,tt0258000
836,The Other Woman,"$196,710,396",2014,tt2203939
837,Stargate,"$196,567,262",1994,tt0111282
838,Beowulf,"$196,393,745",2007,tt0442933
839,The Vow,"$196,114,570",2012,tt1606389
840,Anger Management,"$195,745,823",2003,tt0305224
841,Tropic Thunder,"$195,702,811",2008,tt0942385
842,The Shape of Water,"$195,333,312",2017,tt5580390
843,The Pelican Brief,"$195,268,056",1993,tt0107798
844,The BFG,"$195,243,411",2016,tt3691740
845,Rocketman,"$195,179,299",2019,tt2066051
846,The Intern,"$194,564,672",2015,tt2361509
847,Wallace & Gromit: The Curse of the Were-Rabbit,"$194,111,171",2005,tt0312004
848,Gnomeo & Juliet,"$193,967,670",2011,tt0377981
849,The Sum of All Fears,"$193,921,372",2002,tt0164184
850,Gangs of New York,"$193,772,504",2002,tt0217505
851,The Monkey King 2,"$193,678,298",2016,tt4591310
852,Paranormal Activity,"$193,355,800",2009,tt1179904
853,The Equalizer,"$192,330,738",2014,tt0455944
854,The Lego Movie 2: The Second Part,"$192,306,508",2019,tt3513498
855,Downton Abbey,"$192,094,429",2019,tt6398184
856,Weathering with You,"$191,943,939",2019,tt9426210
857,The Addams Family,"$191,502,426",1991,tt0101272
858,The Longest Yard,"$191,466,556",2005,tt0398165
859,Cheaper by the Dozen,"$190,538,630",2003,tt0349205
860,The Equalizer 2,"$190,400,157",2018,tt3766354
861,Hollow Man,"$190,213,455",2000,tt0164052
862,Abominable,"$189,892,513",2019,tt6324278
863,Outbreak,"$189,859,560",1995,tt0114069
864,The Santa Clause,"$189,833,357",1994,tt0111070
865,The White Storm 2: Drug Lords,"$189,396,380",2019,tt8239806
866,The X Files,"$189,176,423",1998,tt0120902
867,Breakup Buddies,"$189,017,596",2014,tt3890264
868,Rambo III,"$189,015,611",1988,tt0095956
869,The Secret Life of Walter Mitty,"$188,133,322",2013,tt0359950
870,Project Gutenberg,"$188,116,796",2018,tt7183578
871,Jaws 2,"$187,884,007",1978,tt0077766
872,12 Years a Slave,"$187,733,202",2013,tt2024544
873,Heat,"$187,436,818",1995,tt0113277
874,Mr. Popper's Penguins,"$187,361,754",2011,tt1396218
875,The Grudge,"$187,281,115",2004,tt0391198
876,I Now Pronounce You Chuck & Larry,"$187,134,117",2007,tt0762107
877,The Horse Whisperer,"$186,883,563",1998,tt0119314
878,Walk the Line,"$186,797,986",2005,tt0358273
879,Jian Bing Man,"$186,699,768",2015,tt4818250
880,The Jungle Book 2,"$186,303,759",2003,tt0283426
881,The Final Destination,"$186,167,139",2009,tt1144884
882,Atlantis: The Lost Empire,"$186,053,725",2001,tt0230011
883,Inside Man,"$186,003,591",2006,tt0454848
884,The Waterboy,"$185,991,646",1998,tt0120484
885,Hugo,"$185,770,160",2011,tt0970179
886,Pitch Perfect 3,"$185,400,345",2017,tt4765284
887,Watchmen,"$185,382,813",2009,tt0409459
888,The Birdcage,"$185,260,553",1996,tt0115685
889,Moulin Rouge!,"$184,928,135",2001,tt0203009
890,Snow White and the Seven Dwarfs,"$184,925,486",1937,tt0029583
891,Hop,"$183,953,723",2011,tt1411704
892,Bad Moms,"$183,936,074",2016,tt4651520
893,Jupiter Ascending,"$183,887,723",2015,tt1617661
894,Knowing,"$183,658,498",2007,tt0448011
895,102 Dalmatians,"$183,611,771",2000,tt0211181
896,Stand by Me Doraemon,"$183,442,714",2014,tt3331846
897,Storks,"$183,388,953",2016,tt4624424
898,Paul Blart: Mall Cop,"$183,348,429",2009,tt1114740
899,Wayne's World,"$183,097,323",1992,tt0105793
900,Maverick,"$183,031,272",1994,tt0110478
901,Mirror Mirror,"$183,018,522",2012,tt1667353
902,The Man in the Iron Mask,"$182,968,902",1998,tt0120744
903,Cape Fear,"$182,291,969",1991,tt0101540
904,The Haunted Mansion,"$182,290,266",2003,tt0338094
905,The Monkey King Havoc in Heavens Palace,"$182,206,924",2014,tt1717715
906,While You Were Sleeping,"$182,057,016",1995,tt0114924
907,The Bridges of Madison County,"$182,016,617",1995,tt0112579
908,From Vegas to Macau III,"$181,732,879",2016,tt5237980
909,Poseidon,"$181,674,817",2006,tt0409182
910,The First Wives Club,"$181,489,203",1996,tt0116313
911,Scooby-Doo 2: Monsters Unleashed,"$181,216,833",2004,tt0331632
912,Hot Shots!,"$181,096,164",1991,tt0102059
913,Road to Perdition,"$181,001,478",2002,tt0257044
914,Kill Bill: Vol. 1,"$180,899,045",2003,tt0266697
915,The Scorpion King,"$180,630,907",2002,tt0277296
916,Sweet Home Alabama,"$180,622,424",2002,tt0256415
917,Daddy's Home 2,"$180,613,180",2017,tt5657846
918,Deja Vu,"$180,557,550",2006,tt0453467
919,Hacksaw Ridge,"$180,450,918",2016,tt2119532
920,The Post,"$179,769,457",2017,tt6294822
921,Dangerous Minds,"$179,519,401",1995,tt0112792
922,The Dictator,"$179,379,533",2012,tt1645170
923,The League of Extraordinary Gentlemen,"$179,265,204",2003,tt0311429
924,Allegiant,"$179,246,868",2016,tt3410834
925,Daredevil,"$179,179,718",2003,tt0287978
926,City Slickers,"$179,033,791",1991,tt0101587
927,He's Just Not That Into You,"$178,866,158",2009,tt1001508
928,Eagle Eye,"$178,767,383",2008,tt1059786
929,Along Came Polly,"$178,311,729",2004,tt0343135
930,Flushed Away,"$178,281,554",2006,tt0424095
931,Scary Movie 4,"$178,262,620",2006,tt0362120
932,Dante's Peak,"$178,127,760",1997,tt0118928
933,Brokeback Mountain,"$178,062,759",2005,tt0388795
934,Patriot Games,"$178,051,587",1992,tt0105112
935,Flubber,"$177,977,226",1997,tt0119137
936,Baywatch,"$177,856,751",2017,tt1469304
937,Double Jeopardy,"$177,841,558",1999,tt0150377
938,War Horse,"$177,584,879",2011,tt1568911
939,Paranormal Activity 2,"$177,512,032",2010,tt1536044
940,How to Lose a Guy in 10 Days,"$177,502,387",2003,tt0251127
941,Alien vs. Predator,"$177,427,090",2004,tt0370263
942,Hero,"$177,395,557",2002,tt0299977
943,The 40-Year-Old Virgin,"$177,378,645",2005,tt0405422
944,Lee Daniels' The Butler,"$177,313,795",2013,tt1327773
945,The Haunting,"$177,311,151",1999,tt0171363
946,The Descendants,"$177,243,185",2011,tt1033575
947,The A-Team,"$177,238,796",2010,tt0429493
948,Tootsie,"$177,200,000",1982,tt0084805
949,In the Line of Fire,"$176,997,168",1993,tt0107206
950,Analyze This,"$176,885,658",1999,tt0122933
951,The Hitman's Bodyguard,"$176,586,701",2017,tt1959563
952,Looper,"$176,506,819",2012,tt1276104
953,Serial (Bad) Weddings,"$176,404,493",2014,tt2800240
954,Dr. Dolittle 2,"$176,104,344",2001,tt0240462
955,The Italian Job,"$176,070,171",2003,tt0317740
956,The Bucket List,"$175,372,502",2007,tt0825232
957,Sleeping with the Enemy,"$174,999,005",1991,tt0102945
958,Cowboys & Aliens,"$174,822,325",2011,tt0409847
959,The Mule,"$174,804,407",2018,tt7959026
960,George of the Jungle,"$174,463,257",1997,tt0119190
961,Evan Almighty,"$174,440,724",2007,tt0413099
962,Identity Thief,"$173,965,010",2013,tt2024432
963,The Nutcracker and the Four Realms,"$173,961,069",2018,tt5523010
964,Big Momma's House,"$173,959,438",2000,tt0208003
965,In Time,"$173,930,596",2011,tt1637688
966,Amélie,"$173,924,742",2001,tt0211915
967,Operation Mekong,"$173,839,072",2016,tt6044910
968,Anchorman 2: The Legend Continues,"$173,649,931",2013,tt1229340
969,Creed,"$173,567,581",2015,tt3076658
970,Gemini Man,"$173,469,516",2019,tt1025100
971,The Girl on the Train,"$173,185,859",2016,tt3631112
972,Scream,"$173,046,663",1996,tt0117571
973,Cold Mountain,"$173,013,509",2003,tt0159365
974,Black Hawk Down,"$172,989,651",2001,tt0265086
975,The Grand Budapest Hotel,"$172,936,941",2014,tt2278388
976,The Santa Clause 2,"$172,855,065",2002,tt0304669
977,Cloverfield,"$172,394,180",2008,tt1060277
978,Scream 2,"$172,363,301",1997,tt0120082
979,Couples Retreat,"$171,844,840",2009,tt1078940
980,Antz,"$171,757,863",1998,tt0120587
981,Blood Diamond,"$171,720,398",2006,tt0450259
982,Jackass 3D,"$171,685,792",2010,tt1116184
983,No Country for Old Men,"$171,627,166",2007,tt0477348
984,Spies in Disguise,"$171,616,764",2019,tt5814534
985,John Wick: Chapter 2,"$171,539,887",2017,tt4425200
986,Cocktail,"$171,504,781",1988,tt0094889
987,Chinese Zodiac,"$171,339,013",2012,tt1424310
988,Mr. Deeds,"$171,269,535",2002,tt0280590
989,Contact,"$171,120,329",1997,tt0118884
990,Superbad,"$170,812,526",2007,tt0829482
991,The Other Guys,"$170,458,922",2010,tt1386588
992,The Specialist,"$170,362,582",1994,tt0111255
993,Olympus Has Fallen,"$170,270,201",2013,tt2302755
994,Starsky & Hutch,"$170,268,750",2004,tt0335438
995,Shall We Dance,"$170,128,460",2004,tt0358135
996,Stuart Little 2,"$169,956,806",2002,tt0243585
997,Zookeeper,"$169,852,759",2011,tt1222817
998,Dumb and Dumber To,"$169,837,010",2014,tt2096672
999,Ghost in the Shell,"$169,801,921",2017,tt1219827
1000,Seven Pounds,"$169,748,929",2008,tt0814314
